idProcc,ValProcc,ValPdf,launchDate
3399369,INTEL CORE I5-12600K,Intel® Core™ I5-12600K,2021
3399370,AMD RYZEN 5 5600G,AMD Ryzen™ 5 5600G,2021
3399371,AMD RYZEN 5 5600X,AMD Ryzen™ 5 5600X,2020
3399372,RYZEN 5 PRO 5650G,AMD Ryzen™ 5 5650G,2021
3399373,RYZEN 5 PRO 5650GE,AMD Ryzen™ 5 PRO 5650GE,2021
3399374,RYZEN 5 PRO 8600G,AMD Ryzen™ 5 PRO 8600G,2023
3399375,AMD RYZEN 7 5700G,AMD Ryzen™ 7 5700G,2021
3399376,RYZEN 7 PRO 5750G,AMD Ryzen™ 7 PRO 5750G,2021
3399377,RYZEN 7 PRO 5750GE,AMD Ryzen™ 7 PRO 5750GE,2021
3399378,RYZEN 7 PRO 8700G,AMD Ryzen™ 7 PRO 8700G,2023
3399379,INTEL CORE I3-10100,Intel® Core™ I3-10100,2020
3399380,INTEL CORE I3-10105,Intel® Core™ I3-10105,2021
3399381,INTEL CORE I3-12100,Intel® Core™ I3-12100,2022
3399382,INTEL CORE I3-12100F,Intel® Core™ I3-12100F,2022
3399383,INTEL CORE I3-13100,Intel® Core™ I3-13100,2023
3399384,INTEL CORE I3-14100,Intel® Core™ I3-14100,2024
3399385,INTELCOREI5-10400,Intel® Core™ I5-10400,2020
3399386,INTELCOREI5-10400F,Intel® Core™ I5-10400F,2020
3399387,INTELCOREI5-10400T,Intel® Core™ I5-10400T,2020
3399388,INTELCOREI5-10600K,Intel® Core™ I5-10600K,2020
3399389,INTELCOREi5-11400,Intel® Core™ i5-11400,2021
3399390,INTELCOREi5-11400F,Intel® Core™ i5-11400F,2021
3399391,INTEL CORE I5-11600K,Intel® Core™ I5-11600K,2021
3399392,INTEL CORE I5-12400,Intel® Core™ I5-12400,2022
3399393,INTEL CORE I5-12400F,Intel® Core™ I5-12400F,2022
3399394,INTEL CORE I5-12500,Intel® Core™ I5-12500,2022
3399395,INTEL CORE I5-12500T,Intel® Core™ I5-12500T,2022
3399396,INTEL CORE I5-13400,Intel® Core™ I5-13400,2023
3399397,INTEL CORE I5-13400F,Intel® Core™ I5-13400F,2023
3399398,INTEL CORE I5-13500,Intel® Core™ I5-13500,2023
3399399,INTEL CORE I5-13500T,Intel® Core™ I5-13500T,2023
3399400,INTEL CORE I5-13600K,Intel® Core™ I5-13600K,2022
3399401,INTEL CORE I5-13600KF,Intel® Core™ I5-13600KF,2022
3399402,INTEL CORE I5-14400,Intel® Core™ I5-14400,2024
3399403,INTEL CORE I5-14500,Intel® Core™ I5-14500,2024
3399404,INTEL CORE I5-14500T,Intel® Core™ I5-14500T,2024
3399405,INTEL CORE I5-14600K,Intel® Core™ I5-14600K,2024
3399406,INTEL CORE I5-14600KF,Intel® Core™ I5-14600KF,2024
3399407,INTEL CORE I7-10700,Intel® Core™ I7-10700,2020
3399408,INTEL CORE I7-10700F,Intel® Core™ I7-10700F,2020
3399409,INTEL CORE I7-10700K,Intel® Core™ I7-10700K,2020
3399410,INTEL CORE i7-11700,Intel® Core™ i7-11700,2021
3399411,INTEL CORE i7-11700F,Intel® Core™ i7-11700F,2021
3399412,INTEL CORE i7-11700K,Intel® Core™ i7-11700K,2021
3399413,INTEL CORE I7-12700,Intel® Core™ I7-12700,2021
3399414,INTEL CORE I7-12700F,Intel® Core™ I7-12700F,2021
3399415,INTEL CORE I7-12700K,Intel® Core™ I7-12700K,2021
3399416,INTEL CORE I7-12700KF,Intel® Core™ I7-12700KF,2021
3399417,INTEL CORE I7-12700T,Intel® Core™ I7-12700T,2022
3399418,INTEL CORE I7-13700,Intel® Core™ I7-13700,2023
3399419,INTEL CORE I7-13700F,Intel® Core™ I7-13700F,2023
3399420,INTEL CORE I7-13700K,Intel® Core™ I7-13700K,2022
3399421,INTEL CORE I7-13700KF,Intel® Core™ I7-13700KF,2022
3399422,INTEL CORE I7-13700T,Intel® Core™ I7-13700T,2023
3399423,INTEL CORE I7-14700,Intel® Core™ I7-14700,2024
3399424,INTEL CORE I7-14700F,Intel® Core™ I7-14700F,2024
3399425,INTEL CORE I7-14700K,Intel® Core™ I7-14700K,2024
3399426,INTEL CORE I7-14700KF,Intel® Core™ I7-14700KF,2024
3399427,INTEL CORE I7-14700T,Intel® Core™ I7-14700T,2024
3399428,INTEL CORE I7-9700,Intel® Core™ I7-9700,2018
3399429,INTEL CORE I7-9700K,Intel® Core™ I7-9700K,2018
3399430,INTEL CORE i9-11900K,Intel® Core™ i9-11900K,2021
3399431,INTEL CORE I9-12900,Intel® Core™ I9-12900,2022
3399432,INTEL CORE I9-12900K,Intel® Core™ I9-12900K,2021
3399433,INTEL CORE I9-13900,Intel® Core™ I9-13900,2021
3399434,INTEL CORE I9-13900K,Intel® Core™ I9-13900K,2022
3399435,INTEL CORE I9-13900KF,Intel® Core™ I9-13900KF,2022
3399436,INTEL CORE I9-14900,Intel® Core™ I9-14900,2024
3399437,INTEL CORE I9-14900K,Intel® Core™ I9-14900K,2024
3399438,AMD RYZEN 5 7600,AMD Ryzen™ 5 7600,2022
3399439,AMD RYZEN 5 7600G,null,2023
3399440,AMD RYZEN 5 7600X,AMD Ryzen™ 5 7600X,2022
3399441,AMD RYZEN 7 7700,AMD Ryzen™ 7 7700,2022
3399442,AMD RYZEN 7 7700X,AMD Ryzen™ 7 7700X,2022
3399443,AMD RYZEN 7 7800G,null,2023
3399444,AMD RYZEN 7 7800X3D,AMD Ryzen™ 7 7800X3D,2023
3399445,AMD RYZEN 9 7900,AMD Ryzen™ 9 7900,2023
3399446,AMD RYZEN 9 7900X,AMD Ryzen™ 9 7900X,2022
3399447,AMD RYZEN 9 7950X,AMD Ryzen™ 9 7950X,2022
3399448,AMD RYZEN 9 7950X3D,AMD Ryzen™ 9 7950X3D,2023
3399449,INTEL CORE I3-12100T,Intel® Core™ I3-12100T,2022
3399450,INTEL CORE I3-12300,Intel® Core™ I3-12300,2022
3399451,INTEL CORE I3-12300T,Intel® Core™ I3-12300T,2022
3399452,INTEL CORE I3-13100T,Intel® Core™ I3-13100T,2023
3399453,INTEL CORE I3-13300,Intel® Core™ I3-13300,2023
3399454,INTEL CORE I3-14100T,Intel® Core™ I3-14100T,2024
3707554,PROCESADOR: INTEL CORE I9-14900,Intel® Core™ I9-14900,2024
3707555,PROCESADOR: 2 X INTEL XEON GOLD 5415+,2x Intel® Xeon® Gold 5415+,2023
3707556,PROCESADOR: 2 X INTEL XEON GOLD 5416S,2x Intel® Xeon® Gold 5416S,2023
3707557,PROCESADOR: 2 X INTEL XEON GOLD 5418Y,2x Intel® Xeon® Gold 5418Y,2023
3707558,PROCESADOR: AMD RYZEN THREADRIPPER PRO 7955WX,AMD Ryzen™ Threadripper™ PRO 7955WX,2023
3707559,PROCESADOR: INTEL CORE I3-12100,Intel® Core™ I3-12100,2023
3707560,PROCESADOR: INTEL CORE I5-12400,Intel® Core™ I5-12400,2023
3707561,PROCESADOR: NTEL CORE I5-14600K,Intel® Core™ I5-14600K,2023
3707562,PROCESADOR: INTEL CORE i7-11700,Intel® Core™ i7-11700,2023
3707563,PROCESADOR: INTEL CORE I7-12700,Intel® Core™ I7-12700,2023
3707564,PROCESADOR: INTEL CORE I7-12700F,Intel® Core™ I7-12700F,2021
3707565,PROCESADOR: INTEL CORE I7-12700K,Intel® Core™ I7-12700K,2021
3707566,PROCESADOR: INTEL CORE I7-12700KF,Intel® Core™ I7-12700KF,2021
3707567,PROCESADOR: INTEL CORE I7-13700,Intel® Core™ I7-13700,2023
3707568,PROCESADOR: INTEL CORE I7-13700F,Intel® Core™ I7-13700F,2023
3707569,PROCESADOR: INTEL CORE I7-13700K,Intel® Core™ I7-13700K,2023
3707570,PROCESADOR: INTEL CORE I7-14700,Intel® Core™ I7-14700,2024
3707571,PROCESADOR: INTEL CORE I7-14700K,Intel® Core™ I7-14700K,2024
3707572,PROCESADOR: INTEL CORE I7-14700KF,Intel® Core™ I7-14700KF,2024
3707573,PROCESADOR: INTEL CORE I9-12900,Intel® Core™ I9-12900,2021
3707574,PROCESADOR: INTEL CORE I9-12900F,Intel® Core™ I9-12900F,2022
3707575,PROCESADOR: INTEL CORE I9-12900K,Intel® Core™ I9-12900K,2021
3707576,PROCESADOR: INTEL CORE I9-12900KF,Intel® Core™ I9-12900KF,2021
3707577,PROCESADOR: INTEL CORE I9-13900,Intel® Core™ I9-13900,2022
3707578,PROCESADOR: INTEL CORE I9-13900K,Intel® Core™ I9-13900K,2022
3707579,PROCESADOR: INTEL CORE I9-13900KF,Intel® Core™ I9-13900KF,2022
3707580,PROCESADOR: INTEL CORE I9-14900K,Intel® Core™ I9-14900K,2024
3707581,PROCESADOR: INTEL CORE I9-14900KF,Intel® Core™ I9-14900KF,2024
3707582,PROCESADOR: INTEL XEON SILVER 4314,Intel® Xeon® Silver 4314,2021
3707583,PROCESADOR: INTEL XEON W5-2445 3.10 GHz,Intel® Xeon® W5-2445 3.10 GHz,2022
3707584,PROCESADOR: INTEL XEON W5-3423,Intel® Xeon® W5-3423,2022
3707585,PROCESADOR: INTEL XEON W5-3433,Intel® Xeon® W5-3433,2022
3707586,PROCESADOR: INTEL XEON W5-3435X,Intel® Xeon® W5-3435X,2022
3707587,PROCESADOR: INTEL CORE I3-12300,Intel® Core™ I3-12300,2022
3707588,PROCESADOR: INTEL CORE I3-13100,Intel® Core™ I3-13100,2023
3707589,PROCESADOR: INTEL CORE I3-13300,Intel® Core™ I3-13300,2023
3707590,PROCESADOR: INTEL CORE I3-14100,Intel® Core™ I3-14100,2024
3707591,PROCESADOR: INTEL CORE I5-12500,Intel® Core™ I5-12500,2022
3707592,PROCESADOR: INTEL CORE I5-12600,Intel® Core™ I5-12600,2021
3707593,PROCESADOR: INTEL CORE I5-12600K,Intel® Core™ I5-12600K,2021
3707594,PROCESADOR: INTEL CORE I5-13400,Intel® Core™ I5-13400,2023
3707595,PROCESADOR: INTEL CORE I5-13500,Intel® Core™ I5-13500,2023
3707596,PROCESADOR: INTEL CORE I5-13600,Intel® Core™ I5-13600,2023
3707597,PROCESADOR: INTEL CORE I5-13600K,Intel® Core™ I5-13600K,2022
3707598,PROCESADOR: INTEL CORE I5-14400,Intel® Core™ I5-14400,2022
3707599,PROCESADOR: INTEL CORE I5-14500,Intel® Core™ I5-14500,2024
3707600,PROCESADOR: INTEL CORE I5-14600,Intel® Core™ I5-14600,2024
3707601,PROCESADOR: INTEL CORE I5-14600K,Intel® Core™ I5-14600K,2024
3707602,PROCESADOR: AMD RYZEN THREADRIPPER PRO 7945WX,AMD Ryzen™ Threadripper™ PRO 7945WX,2023
3707603,PROCESADOR: AMD RYZEN THREADRIPPER PRO 7965WX,AMD Ryzen™ Threadripper™ PRO 7965WX,2023
3707604,PROCESADOR: AMD RYZEN THREADRIPPER PRO 7975WX,AMD Ryzen™ Threadripper™ PRO 7975WX,2023
3707605,PROCESADOR: AMD RYZEN THREADRIPPER PRO 7985WX,AMD Ryzen™ Threadripper™ PRO 7985WX,2023
3707606,PROCESADOR: AMD RYZEN THREADRIPPER PRO 7995WX,AMD Ryzen™ Threadripper™ PRO 7995WX,2023
3707607,PROCESADOR: INTEL XEON W-1250,Intel® Xeon® W-1250,2020
3707608,PROCESADOR: INTEL XEON W-1250P,Intel® Xeon® W-1250P,2020
3707609,PROCESADOR: INTEL XEON W-1270,Intel® Xeon® W-1270,2020
3707610,PROCESADOR: INTEL XEON W-1270P,Intel® Xeon® W-1270P,2020
3707611,PROCESADOR: INTEL XEON W-1290,Intel® Xeon® W-1290,2020
3707612,PROCESADOR: INTEL XEON W-1290P,Intel® Xeon® W-1290P,2020
3707613,PROCESADOR: INTEL XEON W2133,Intel® Xeon® W2133,2017
3707614,PROCESADOR: INTEL XEON 3204,Intel® Xeon® 3204,2019
3707615,PROCESADOR: INTEL XEON 3206R,Intel® Xeon® 3206R,2020
3707616,PROCESADOR: INTEL XEON 4108,Intel® Xeon® 4108,2017
3707617,PROCESADOR: INTEL XEON 4114,Intel® Xeon® 4114,2017
3707618,PROCESADOR: INTEL XEON 4208,Intel® Xeon® 4208,2019
3707619,PROCESADOR: INTEL XEON 4210,Intel® Xeon® 4210,2019
3707620,PROCESADOR: INTEL XEON 4210R,Intel® Xeon® 4210R,2020
3707621,PROCESADOR: INTEL XEON 4214,Intel® Xeon® 4214,2019
3707622,PROCESADOR: INTEL XEON 4214R,Intel® Xeon® 4214R,2020
3707623,PROCESADOR: INTEL XEON 4215R,Intel® Xeon® 4215R,2020
3707624,PROCESADOR: INTEL XEON 4216,Intel® Xeon® 4216,2019
3707625,PROCESADOR: INTEL XEON 4410Y,Intel® Xeon® 4410Y,2023
3707626,PROCESADOR: INTEL XEON 4416+,Intel® Xeon® 4416+,2023
3707627,PROCESADOR: INTEL XEON 4509Y,Intel® Xeon® 4509Y,2023
3707628,PROCESADOR: INTEL XEON 4510,Intel® Xeon® 4510,2023
3707629,PROCESADOR: INTEL XEON 4514Y,Intel® Xeon® 4514Y,2023
3707630,PROCESADOR: INTEL XEON 4516Y+,Intel® Xeon® 4516Y+,2023
3707631,PROCESADOR: INTEL XEON 5118,Intel® Xeon® 5118,2017
3707632,PROCESADOR: INTEL XEON 5215,Intel® Xeon® 5215,2019
3707633,PROCESADOR: INTEL XEON 5218,Intel® Xeon® 5218,2019
3707634,PROCESADOR: INTEL XEON 5218R,Intel® Xeon® 5218R,2020
3707635,PROCESADOR: INTEL XEON 5220R,Intel® Xeon® 5220R,2020
3707636,PROCESADOR: INTEL XEON 5222,Intel® Xeon® 5222,2019
3707637,PROCESADOR: INTEL XEON 5415+,Intel® Xeon® 5415+,2023
3707638,PROCESADOR: INTEL XEON 5416S,Intel® Xeon® 5416S,2023
3707639,PROCESADOR: INTEL XEON 5418Y,Intel® Xeon® 5418Y,2023
3707640,PROCESADOR: INTEL XEON 5420+,Intel® Xeon® 5420+,2023
3707641,PROCESADOR: INTEL XEON 5520+,Intel® Xeon® 5520+,2023
3707642,PROCESADOR: INTEL XEON 6128,Intel® Xeon® 6128,2017
3707643,PROCESADOR: INTEL XEON 6136,Intel® Xeon® 6136,2017
3707644,PROCESADOR: INTEL XEON 6226,Intel® Xeon® 6226,2019
3707645,PROCESADOR: INTEL XEON 6226R,Intel® Xeon® 6226R,2020
3707646,PROCESADOR: INTEL XEON 6234,Intel® Xeon® 6234,2019
3707647,PROCESADOR: INTEL XEON 6238R,Intel® Xeon® 6238R,2020
3707648,PROCESADOR: INTEL XEON 6240,Intel® Xeon® 6240,2019
3707649,PROCESADOR: INTEL XEON 6240R,Intel® Xeon® 6240R,2020
3707650,PROCESADOR: INTEL XEON 6242,Intel® Xeon® 6242,2019
3707651,PROCESADOR: INTEL XEON 6242R,Intel® Xeon® 6242R,2020
3707652,PROCESADOR: INTEL XEON 6244,Intel® Xeon® 6244,2019
3707653,PROCESADOR: INTEL XEON 6246R,Intel® Xeon® 6246R,2020
3707654,PROCESADOR: INTEL XEON 6248R,Intel® Xeon® 6248R,2020
3707655,PROCESADOR: INTEL XEON 6258R,Intel® Xeon® 6258R,2020
3707656,PROCESADOR: INTEL XEON 6426Y,Intel® Xeon® 6426Y,2023
3707657,PROCESADOR: INTEL XEON 6430,Intel® Xeon® 6430,2023
3707658,PROCESADOR: INTEL XEON 6434,Intel® Xeon® 6434,2023
3707659,PROCESADOR: INTEL XEON 6438Y+,Intel® Xeon® 6438Y+,2023
3707660,PROCESADOR: INTEL XEON 6442Y,Intel® Xeon® 6442Y,2023
3707661,PROCESADOR: INTEL XEON 6444Y,Intel® Xeon® 6444Y,2023
3707662,PROCESADOR: INTEL XEON 6448Y,Intel® Xeon® 6448Y,2023
3707663,PROCESADOR: INTEL XEON 6454Y+,Intel® Xeon® 6454Y+,2023
3707664,PROCESADOR: INTEL XEON 6526Y,Intel® Xeon® 6526Y,2023
3707665,PROCESADOR: INTEL XEON 6530,Intel® Xeon® 6530,2023
3707666,PROCESADOR: INTEL XEON 6542Y,Intel® Xeon® 6542Y,2023
3707667,PROCESADOR: INTEL XEON 6548Y+,Intel® Xeon® 6548Y+,2023
3707668,PROCESADOR: INTEL XEON 8260L,Intel® Xeon® 8260L,2019
3707669,PROCESADOR: INTEL XEON GOLD 623,Intel® Xeon® Gold 623,2017
3707670,PROCESADOR: INTEL XEON W- 1350,Intel® Xeon® W-1350,2021
3707671,PROCESADOR: INTEL XEON W- 1350P,Intel® Xeon® W-1350P,2021
3707672,PROCESADOR: INTEL XEON W- 1370,Intel® Xeon® W-1370,2021
3707673,PROCESADOR: INTEL XEON W- 1370P,Intel® Xeon® W-1370P,2021
3707674,PROCESADOR: INTEL XEON W- 1390,Intel® Xeon® W-1390,2021
3707675,PROCESADOR: INTEL XEON W- 1390P,Intel® Xeon® W-1390P,2021
3707676,PROCESADOR: INTEL XEON W2123,Intel® Xeon® W2123,2017
3707677,PROCESADOR: INTEL XEON W-2123,Intel® Xeon® W-2123,2017
3707678,PROCESADOR: INTEL XEON W2125,Intel® Xeon® W2125,2017
3707679,PROCESADOR: INTEL XEON W-2125,Intel® Xeon® W-2125,2017
3707680,PROCESADOR: INTEL XEON W2145,Intel® Xeon® W2145,2017
3707681,PROCESADOR: INTEL XEON W-2223,Intel® Xeon® W-2223,2019
3707682,PROCESADOR: INTEL XEON W-2225,Intel® Xeon® W-2225,2019
3707683,PROCESADOR: INTEL XEON W-2235,Intel® Xeon® W-2235,2019
3707684,PROCESADOR: INTEL XEON W-2245,Intel® Xeon® W-2245,2019
3707685,PROCESADOR: INTEL XEON W-2255,Intel® Xeon® W-2255,2019
3707686,PROCESADOR: INTEL XEON W-2265,Intel® Xeon® W-2265,2019
3707687,PROCESADOR: INTEL XEON W-2275,Intel® Xeon® W-2275,2019
3707688,PROCESADOR: INTEL XEON W-2295,Intel® Xeon® W-2295,2019
3707689,PROCESADOR: INTEL XEON W-3223,Intel® Xeon® W-3223,2019
3707690,PROCESADOR: INTEL XEON W-3225,Intel® Xeon® W-3225,2019
3707691,PROCESADOR: INTEL XEON W-3235,Intel® Xeon® W-3235,2019
3707692,PROCESADOR: INTEL XEON W3-2423,Intel® Xeon® W3-2423,2023
3707693,PROCESADOR: INTEL XEON W3-2425,Intel® Xeon® W3-2425,2023
3707694,PROCESADOR: INTEL XEON W3-2435,Intel® Xeon® W3-2435,2023
3707695,PROCESADOR: INTEL XEON W-3245,Intel® Xeon® W-3245,2019
3707696,PROCESADOR: INTEL XEON W3-2525,Intel® Xeon® W3-2525,2023
3707697,PROCESADOR: INTEL XEON W3-2535,Intel® Xeon® W3-2535,2023
3707698,PROCESADOR: INTEL XEON W-3265,Intel® Xeon® W-3265,2019
3707699,PROCESADOR: INTEL XEON W-3275,Intel® Xeon® W-3275,2019
3707700,PROCESADOR: INTEL XEON W5-2445,Intel® Xeon® W5-2445,2023
3707701,PROCESADOR: INTEL XEON W5-2455X,Intel® Xeon® W5-2455X,2023
3707702,PROCESADOR: INTEL XEON W5-2465X,Intel® Xeon® W5-2465X,2023
3707703,PROCESADOR: INTEL XEON W5-2545,Intel® Xeon® W5-2545,2023
3707704,PROCESADOR: INTEL XEON W5-2555X,Intel® Xeon® W5-2555X,2023
3707705,PROCESADOR: INTEL XEON W5-2565X,Intel® Xeon® W5-2565X,2023
3707706,PROCESADOR: INTEL XEON W5-3425,Intel® Xeon® W5-3425,2023
3707707,PROCESADOR: INTEL XEON W5-3525,Intel® Xeon® W5-3525,2023
3707708,PROCESADOR: INTEL XEON W5-3535X,Intel® Xeon® W5-3535X,2023
3707709,PROCESADOR: INTEL XEON W7-2475X,Intel® Xeon® W7-2475X,2023
3707710,PROCESADOR: INTEL XEON W7-2495X,Intel® Xeon® W7-2495X,2023
3707711,PROCESADOR: INTEL XEON W7-2575X,Intel® Xeon® W7-2575X,2023
3707712,PROCESADOR: INTEL XEON W7-2595X,Intel® Xeon® W7-2595X,2023
3707713,PROCESADOR: INTEL XEON W7-3445,Intel® Xeon® W7-3445,2023
3707714,PROCESADOR: INTEL XEON W7-3455,Intel® Xeon® W7-3455,2023
3707715,PROCESADOR: INTEL XEON W7-3465X,Intel® Xeon® W7-3465X,2023
3707716,PROCESADOR: INTEL XEON W7-3545,Intel® Xeon® W7-3545,2024
3707717,PROCESADOR: INTEL XEON W7-3555,Intel® Xeon® W7-3555,2023
3707718,PROCESADOR: INTEL XEON W7-3565X,Intel® Xeon® W7-3565X,2023
3707719,PROCESADOR: INTEL XEON W9-3475X,Intel® Xeon® W9-3475X,2023
3707720,PROCESADOR: INTEL XEON W9-3495X,Intel® Xeon® W9-3495X,2023
3707721,PROCESADOR: INTEL XEON W9-3575X,Intel® Xeon® W9-3575X,2023
3707722,PROCESADOR: INTEL XEON W9-3595X,Intel® Xeon® W9-3595X,2023
3707723,PROCESADOR: INTEL CORE I7-14900,Intel® Core™ I7-14900,2023
3707724,PROCESADOR: INTEL CORE I7-14900K,Intel® Core™ I7-14900K,2023
3707725,PROCESADOR: INTEL XEON SILVER 4410Y,Intel® Xeon® Silver 4410Y,2023
3707726,PROCESADOR: INTEL XEON SILVER 4510,Intel® Xeon® Silver 4510,2023
3707727,PROCESADOR: INTEL XEON SILVER 4514Y,Intel® Xeon® Silver 4514Y,2023
3707728,PROCESADOR: INTEL XEON SILVER 4516Y+,Intel® Xeon® Silver 4516Y+,2023
3707729,PROCESADOR: INTEL XEON GOLD 6530,Intel® Xeon® Gold 6530,2023
3707730,PROCESADOR: INTEL XEON GOLD 6542Y,Intel® Xeon® Gold 6542Y,2023
3707731,PROCESADOR: INTEL XEON GOLD 5320,Intel® Xeon® Gold 5320,2021
3678387,PROCESADOR: INTEL CORE I9 14900T,Intel® Core™ I9 14900T,2024
3678386,PROCESADOR: INTEL CORE I7 14700T,Intel® Core™ I7 14700T,2024
3678385,PROCESADOR: INTEL CORE I9 14900,Intel® Core™ I9 14900,2024
3678384,PROCESADOR: INTEL CORE I7 14700,Intel® Core™ I7 14700,2024
3678383,PROCESADOR: INTEL CORE I5 14400,Intel® Core™ I5 14400,2024
3678382,PROCESADOR: INTEL CORE I3 14100,Intel® Core™ I3 14100,2024
3678381,PROCESADOR: INTEL CORE I9 13900,Intel® Core™ I9 13900,2022
3678380,PROCESADOR: INTEL CORE I7 13700,Intel® Core™ I7 13700,2022
3678379,PROCESADOR: INTEL CORE I5 13400,Intel® Core™ I5 13400,2023
3678378,PROCESADOR: INTEL CORE I3 13100,Intel® Core™ I3 13100,2023
3678377,PROCESADOR: INTEL CORE I9-14900,Intel® Core™ I9-14900,2024
3678376,PROCESADOR: INTEL CORE I9-13900,Intel® Core™ I9-13900,2022
3678375,PROCESADOR: INTEL CORE I9-12900,Intel® Core™ I9-12900,2021
3678374,PROCESADOR: INTEL CORE I7-14700T,Intel® Core™ I7-14700T,2024
3678373,PROCESADOR: INTEL CORE I7-13700T,Intel® Core™ I7-13700T,2023
3678372,PROCESADOR: INTEL CORE I7-12700T,Intel® Core™ I7-12700T,2022
3678371,PROCESADOR: INTEL CORE I5-14600T,Intel® Core™ I5-14600T,2024
3678370,PROCESADOR: INTEL CORE I5-14600,Intel® Core™ I5-14600,2024
3678369,PROCESADOR: INTEL CORE I5-14500T,Intel® Core™ I5-14500T,2023
3678368,PROCESADOR: INTEL CORE I5-14400T,Intel® Core™ I5-14400T,2024
3678367,PROCESADOR: INTEL CORE I5-13600T,Intel® Core™ I5-13600T,2023
3678366,PROCESADOR: INTEL CORE I5-13600,Intel® Core™ I5-13600,2022
3678365,PROCESADOR: INTEL CORE I5-13500T,Intel® Core™ I5-13500T,2023
3678364,PROCESADOR: INTEL CORE I5-13400T,Intel® Core™ I5-13400T,2023
3678363,PROCESADOR: INTEL CORE I5-12600T,Intel® Core™ I5-12600T,2022
3678362,PROCESADOR: INTEL CORE I5-12600,Intel® Core™ I5-12600,2022
3678361,PROCESADOR: INTEL CORE I5-12500T,Intel® Core™ I5-12500T,2022
3678360,PROCESADOR: INTEL CORE I5-12400T,Intel® Core™ I5-12400T,2022
3678359,PROCESADOR: INTEL CORE I3-14100T,Intel® Core™ I3-14100T,2024
3678358,PROCESADOR: INTEL CORE I7-1360P,Intel® Core™ I7-1360P,2023
3678357,PROCESADOR: INTEL CORE I7-1355U,Intel® Core™ I7-1355U,2023
3678356,PROCESADOR: NTEL CORE I7-12700T,Intel® Core™ I7-12700T,2022
3678355,PROCESADOR: INTEL CORE I7-12700,Intel® Core™ I7-12700,2022
3678354,PROCESADOR: INTEL CORE I7-1255U,Intel® Core™ I7-1255U,2022
3678353,PROCESADOR: INTEL CORE I5-14500,Intel® Core™ I5-14500,2024
3678352,PROCESADOR: INTEL CORE I5-14400,Intel® Core™ I5-14400,2024
3678351,PROCESADOR: NTEL CORE I5-13500T,Intel® Core™ I5-13500T,2023
3678350,PROCESADOR: INTEL CORE I5-13500,Intel® Core™ I5-13500,2023
3678349,PROCESADOR: NTEL CORE I5-13420H,Intel® Core™ I5-13420H,2023
3678348,PROCESADOR: INTEL CORE I5-1340P,Intel® Core™ I5-1340P,2023
3678347,PROCESADOR: INTEL CORE I5-13400,Intel® Core™ I5-13400,2023
3678346,PROCESADOR: INTEL CORE I5-1335U,Intel® Core™ I5-1335U,2023
3678345,PROCESADOR: NTEL CORE I5-12500T,Intel® Core™ I5-12500T,2022
3678344,PROCESADOR: INTEL CORE I5-12500,Intel® Core™ I5-12500,2022
3678343,PROCESADOR: INTEL CORE I5-1240P,Intel® Core™ I5-1240P,2022
3678342,PROCESADOR: INTEL CORE I5-12400,Intel® Core™ I5-12400,2022
3678341,PROCESADOR: INTEL CORE I5-1235U,Intel® Core™ I5-1235U,2022
3678340,PROCESADOR: INTEL CORE I3-1315U,Intel® Core™ I3-1315U,2023
3708626,PROCESADOR: AMD RYZEN™ 5 7530U,AMD Ryzen™ 5 7530U,2023
3708627,PROCESADOR: AMD RYZEN™ 5 7535U,AMD Ryzen™ 5 7535U,2023
3708628,PROCESADOR: AMD RYZEN™ 5 7540U,AMD Ryzen™ 5 7540U,2023
3708629,PROCESADOR: AMD RYZEN™ 5 7545U,AMD Ryzen™ 5 7545U,2023
3708630,PROCESADOR: AMD RYZEN™ 5 8540U,AMD Ryzen™ 5 8540U,2024
3708631,PROCESADOR: AMD RYZEN™ 5 8640U,AMD Ryzen™ 5 8640U,2024
3708632,PROCESADOR: AMD RYZEN™ 5 PRO 5650U,AMD Ryzen™ 5 PRO 5650U,2021
3708633,PROCESADOR: AMD RYZEN™ 5 PRO 5675U,AMD Ryzen™ 5 PRO 5675U,2022
3708634,PROCESADOR: AMD RYZEN™ 5 PRO 6650U,AMD Ryzen™ 5 PRO 6650U,2022
3708635,PROCESADOR: AMD RYZEN™ 5 PRO 7530U,AMD Ryzen™ 5 PRO 7530U,2023
3708636,PROCESADOR: AMD RYZEN™ 5 PRO 7535U,AMD Ryzen™ 5 PRO 7535U,2023
3708637,PROCESADOR: AMD RYZEN™ 5 PRO 7540U,AMD Ryzen™ 5 PRO 7540U,2023
3708638,PROCESADOR: AMD RYZEN™ 5 PRO 7545U,AMD Ryzen™ 5 PRO 7545U,2023
3708639,PROCESADOR: AMD RYZEN™ 5 PRO 8640HS,AMD Ryzen™ 5 PRO 8640HS,2023
3708640,PROCESADOR: AMD RYZEN™ 7 5700U,AMD Ryzen™ 7 5700U,2021
3708641,PROCESADOR: AMD RYZEN™ 7 5800U,AMD Ryzen™ 7 5800U,2021
3708642,PROCESADOR: AMD RYZEN™ 7 5825C,AMD Ryzen™ 7 5825C,2022
3708643,PROCESADOR: AMD RYZEN™ 7 5825U,AMD Ryzen™ 7 5825U,2022
3708644,PROCESADOR: AMD RYZEN™ 7 6800U?,AMD Ryzen™ 7 6800U,2022
3708645,PROCESADOR: AMD RYZEN™ 7 7730U,AMD Ryzen™ 7 7730U,2023
3708646,PROCESADOR: AMD RYZEN™ 7 7735U,AMD Ryzen™ 7 7735U,2023
3708647,PROCESADOR: AMD RYZEN™ 7 7840U,AMD Ryzen™ 7 7840U,2023
3708648,PROCESADOR: AMD RYZEN™ 7 8840HS,AMD Ryzen™ 7 8840HS,2024
3708649,PROCESADOR: AMD RYZEN™ 7 8840U,AMD Ryzen™ 7 8840U,2024
3708650,PROCESADOR: AMD RYZEN™ 7 PRO 5850U,AMD Ryzen™ 7 PRO 5850U,2021
3708651,PROCESADOR: AMD RYZEN™ 7 PRO 5875U,AMD Ryzen™ 7 PRO 5875U,2022
3708652,PROCESADOR: AMD RYZEN™ 7 PRO 6850HS,AMD Ryzen™ 7 PRO 6850HS,2022
3708653,PROCESADOR: AMD RYZEN™ 7 PRO 6850U,AMD Ryzen™ 7 PRO 6850U,2022
3708654,PROCESADOR: AMD RYZEN™ 7 PRO 7730U,AMD Ryzen™ 7 PRO 7730U,2023
3708655,PROCESADOR: AMD RYZEN™ 7 PRO 7735U,AMD Ryzen™ 7 PRO 7735U,2023
3708656,PROCESADOR: AMD RYZEN™ 7 PRO 7840HS,AMD Ryzen™ 7 PRO 7840HS,2023
3708657,PROCESADOR: AMD RYZEN™ 7 PRO 7840U,AMD Ryzen™ 7 PRO 7840U,2023
3708658,PROCESADOR: AMD RYZEN™ 7 PRO 8840HS,AMD Ryzen™ 7 PRO 8840HS,2023
3708659,PROCESADOR: AMD RYZEN™ 9 PRO 6950HS,AMD Ryzen™ 9 PRO 6950HS,2022
3708660,PROCESADOR: AMD RYZEN™ 9 PRO 7940HS,AMD Ryzen™ 9 PRO 7940HS,2023
3708661,PROCESADOR: INTEL® CORE™ I3-1210U,Intel® Core™ I3-1210U,2022
3708662,PROCESADOR: INTEL® CORE™ I3-1215U,Intel® Core™ I3-1215U,2022
3708663,PROCESADOR: INTEL® CORE™ I3-1315U,Intel® Core™ I3-1315U,2023
3708664,PROCESADOR: INTEL® CORE™ I3-N305,Intel® Core™ I3-N305,2023
3708665,PROCESADOR: INTEL® CORE™ I5-1230U,Intel® Core™ I5-1230U,2022
3708666,PROCESADOR: INTEL® CORE™ I5-1235U,Intel® Core™ I5-1235U,2022
3708667,PROCESADOR: INTEL® CORE™ I5-1240P,Intel® Core™ I5-1240P,2022
3708668,PROCESADOR: INTEL® CORE™ I5-1240U,Intel® Core™ I5-1240U,2022
3708669,PROCESADOR: INTEL® CORE™ I5-1245U,Intel® Core™ I5-1245U,2022
3708670,PROCESADOR: INTEL® CORE™ I5-1250P,Intel® Core™ I5-1250P,2022
3708671,PROCESADOR: INTEL® CORE™ I5-1334U,Intel® Core™ I5-1334U,2023
3708672,PROCESADOR: INTEL® CORE™ I5-1335U,Intel® Core™ I5-1335U,2023
3708673,PROCESADOR: INTEL® CORE™ I5-1340P,Intel® Core™ I5-1340P,2023
3708674,PROCESADOR: INTEL® CORE™ I5-1345U,Intel® Core™ I5-1345U,2023
3708675,PROCESADOR: INTEL® CORE™ I5-1350P,Intel® Core™ I5-1350P,2023
3708676,PROCESADOR: INTEL® CORE™ I7-1255U,Intel® Core™ I7-1255U,2022
3708677,PROCESADOR: INTEL® CORE™ I7-1260P,Intel® Core™ I7-1260P,2022
3708678,PROCESADOR: INTEL® CORE™ I7-1265U,Intel® Core™ I7-1265U,2022
3708679,PROCESADOR: INTEL® CORE™ I7-1270P,Intel® Core™ I7-1270P,2022
3708680,PROCESADOR: INTEL® CORE™ I7-1280P,Intel® Core™ I7-1280P,2022
3708681,PROCESADOR: INTEL® CORE™ I7-1355U,Intel® Core™ I7-1355U,2023
3708682,PROCESADOR: INTEL® CORE™ I7-1360P,Intel® Core™ I7-1360P,2023
3708683,PROCESADOR: INTEL® CORE™ I7-1365U,Intel® Core™ I7-1365U,2023
3708684,PROCESADOR: INTEL® CORE™ I7-1370P,Intel® Core™ I7-1370P,2023
3708685,PROCESADOR: INTEL® CORE™ ULTRA 5-125H,Intel® Core™ Ultra 5-125H,2024
3708686,PROCESADOR: INTEL® CORE™ ULTRA 5-125U,Intel® Core™ Ultra 5-125U,2024
3708687,PROCESADOR: INTEL® CORE™ ULTRA 5-135H,Intel® Core™ Ultra 5-135H,2024
3708688,PROCESADOR: INTEL® CORE™ ULTRA 5-135U,Intel® Core™ Ultra 5-135U,2024
3708689,PROCESADOR: INTEL® CORE™ ULTRA 7-155H,Intel® Core™ Ultra 7-155H,2024
3708690,PROCESADOR: INTEL® CORE™ ULTRA 7-155,Intel® Core™ Ultra 7-155,2023
3708691,PROCESADOR: INTEL® CORE™ ULTRA 7-165H,Intel® Core™ Ultra 7-165H,2023
3708692,PROCESADOR: INTEL® CORE™ ULTRA 7-165U,Intel® Core™ Ultra 7-165U,2023
3708693,PROCESADOR: INTEL® N100,Intel® N100,2023
3708694,PROCESADOR: INTEL® N200,Intel® N200,2023
3708695,PROCESADOR: INTEL® U300,Intel® U300,2023
3708696,PROCESADOR: INTEL CORE I7-12700H,Intel® Core™ I7-12700H,2022
3708697,PROCESADOR: INTEL CORE I5-11300H,Intel® Core™ I5-11300H,2021
3708564,PROCESADOR: AMD RYZEN 3 5425U,AMD Ryzen™ 3 5425U,2022
3708565,PROCESADOR: AMD RYZEN 3 7335U,AMD Ryzen™ 3 7335U,2023
3708566,PROCESADOR: AMD RYZEN 5 5625U,AMD Ryzen™ 5 5625U,2022
3708567,PROCESADOR: AMD RYZEN 5 7535U,AMD Ryzen™ 5 7535U,2023
3708568,PROCESADOR: AMD RYZEN 7 5825U,AMD Ryzen™ 7 5825U,2022
3708569,PROCESADOR: AMD RYZEN 7 7735U,AMD Ryzen™ 7 7735U,2023
3708570,PROCESADOR: AMD ATHLON SILVER 7120U,AMD ATHLON Silver 7120U,2023
3708571,PROCESADOR: AMD RYZEN 3 5400U,AMD Ryzen™ 3 5400U,2021
3708572,PROCESADOR: AMD RYZEN 3 7320U,AMD Ryzen™ 3 7320U,2023
3708573,PROCESADOR: AMD RYZEN 3 7330U,AMD Ryzen™ 3 7330U,2023
3708574,PROCESADOR: AMD RYZEN 5 5600U,AMD Ryzen™ 5 5600U,2021
3708575,PROCESADOR:,null,#N/D
3708576,PROCESADOR: AMD RYZEN 5 7520U,AMD Ryzen™ 5 7520U,2022
3708577,PROCESADOR: AMD RYZEN 5 7530U,AMD Ryzen™ 5 7530U,2023
3708578,PROCESADOR: INTEL CORE I3-1215U,Intel® Core™ I3-1215U,2022
3708579,PROCESADOR: INTEL CORE I3-1315U,Intel® Core™ I3-1315U,2023
3708580,PROCESADOR: NTEL CORE I5-11300H,Intel® Core™ I5-11300H,2021
3708581,PROCESADOR: NTEL CORE I5-1135G7,Intel® Core™ I5-1135G7,2020
3708582,PROCESADOR: INTEL CORE I5-1235U,Intel® Core™ I5-1235U,2022
3708583,PROCESADOR: INTEL CORE I5-1240P,Intel® Core™ I5-1240P,2022
3708584,PROCESADOR: INTEL CORE I5-1245U,Intel® Core™ I5-1245U,2022
3708585,PROCESADOR: NTEL CORE I5-12500H,Intel® Core™ I5-12500H,2022
3708586,PROCESADOR: INTEL CORE I5-1334U,Intel® Core™ I5-1334U,2023
3708587,PROCESADOR: INTEL CORE I5-1335U,Intel® Core™ I5-1335U,2023
3708588,PROCESADOR: INTEL CORE I5-1345U,Intel® Core™ I5-1345U,2023
3708589,PROCESADOR: INTEL CORE I5-1350P,Intel® Core™ I5-1350P,2023
3708590,PROCESADOR: NTEL CORE I7-1165G7,Intel® Core™ I7-1165G7,2020
3708591,PROCESADOR: INTEL CORE I7-1255U,Intel® Core™ I7-1255U,2022
3708592,PROCESADOR: INTEL CORE I7-1260P,Intel® Core™ I7-1260P,2022
3708593,PROCESADOR: INTEL CORE I7-1265U,Intel® Core™ I7-1265U,2022
3708594,PROCESADOR: INTEL CORE I7-1270P,Intel® Core™ I7-1270P,2022
3708595,PROCESADOR: INTEL CORE I7-1355U,Intel® Core™ I7-1355U,2023
3708596,PROCESADOR: INTEL CORE I7-1365U,Intel® Core™ I7-1365U,2023
3708597,PROCESADOR: NTEL CORE I7-13700H,Intel® Core™ I7-13700H,2023
3708598,PROCESADOR: INTEL CORE I7-1370P,Intel® Core™ I7-1370P,2023
3708599,PROCESADOR: INTEL CORE I7-14700HX,Intel® Core™ I7-14700HX,2024
3708600,PROCESADOR: INTEL CORE I9-14900HX,Intel® Core™ I9-14900HX,2024
3708601,PROCESADOR: INTEL CORE N100,Intel® Core™ N100,2023
3708602,PROCESADOR: INTEL CORE ULTRA 5 125H,Intel® Core™ Ultra 5 125H,2023
3708603,PROCESADOR: INTEL CORE ULTRA 5 125U,Intel® Core™ Ultra 5 125U,2023
3708604,PROCESADOR: INTEL CORE ULTRA 7 155H,Intel® Core™ Ultra 7 155H,2023
3708605,PROCESADOR: INTEL CORE ULTRA 7 155U,Intel® Core™ Ultra 7 155U,2023
3708606,PROCESADOR: INTEL CORE ULTRA 7 165U,Intel® Core™ Ultra 7 165U,2023
3708607,PROCESADOR: INTEL CORE ULTRA 9 185H,Intel® Core™ Ultra 9 185H,2023
3708608,PROCESADOR: AMD RYZEN™ 3 5300U,AMD Ryzen™ 3 5300U,2021
3708609,PROCESADOR: AMD RYZEN™ 3 5400U,AMD Ryzen™ 3 5400U,2021
3708610,PROCESADOR: AMD RYZEN™ 3 5425C,AMD Ryzen™ 3 5425C,2022
3708611,PROCESADOR: AMD RYZEN™ 3 5425U,AMD Ryzen™ 3 5425U,2022
3708612,PROCESADOR: AMD RYZEN™ 3 7320U,AMD Ryzen™ 3 7320U,2022
3708613,PROCESADOR: AMD RYZEN™ 3 7330U,AMD Ryzen™ 3 7330U,2023
3708614,PROCESADOR: AMD RYZEN™ 3 7335U,AMD Ryzen™ 3 7335U,2023
3708615,PROCESADOR: AMD RYZEN™ 3 7440U,AMD Ryzen™ 3 7440U,2024
3708616,PROCESADOR: AMD RYZEN™ 3 8440U,AMD Ryzen™ 3 8440U,2024
3708617,PROCESADOR: AMD RYZEN™ 3 PRO 5450U,AMD Ryzen™ 3 PRO 5450U,2021
3708618,PROCESADOR: AMD RYZEN™ 3 PRO 7335U,AMD Ryzen™ 3 PRO 7335U,2023
3708619,PROCESADOR: AMD RYZEN™ 5 5500U,AMD Ryzen™ 5 5500U,2021
3708620,PROCESADOR: AMD RYZEN™ 5 5600U,AMD Ryzen™ 5 5600U,2021
3708621,PROCESADOR: AMD RYZEN™ 5 5625C,AMD Ryzen™ 5 5625C,2022
3708622,PROCESADOR: AMD RYZEN™ 5 5625U,AMD Ryzen™ 5 5625U,2022
3708623,PROCESADOR: AMD RYZEN™ 5 6600U,AMD Ryzen™ 5 6600U,2022
3708624,PROCESADOR: AMD RYZEN™ 5 7430U,AMD Ryzen™ 5 7430U,2023
3708625,PROCESADOR: AMD RYZEN™ 5 7520U,AMD Ryzen™ 5 7520U,2022
3709256,PROCESADOR: AMD RYZEN 7 7840HS,AMD Ryzen™ 7 7840HS,2023
3709257,PROCESADOR: AMD RYZEN 7 PRO 7840HS,AMD Ryzen™ 7 PRO 7840HS,2023
3709258,PROCESADOR: AMD RYZEN 7 PRO 8840HS,AMD Ryzen™ 7 PRO 8840HS,2023
3709259,PROCESADOR: AMD RYZEN 9 PRO 8945HS,AMD Ryzen™ 9 PRO 8945HS,2023
3709260,PROCESADOR: INTEL CORE I5-13500H,Intel® Core™ I5-13500H,2023
3709261,PROCESADOR: INTEL CORE I7-12700H,Intel® Core™ I7-12700H,2022
3709262,PROCESADOR: INTEL CORE I7-1355U,Intel® Core™ I7-1355U,2023
3709263,PROCESADOR: INTEL CORE I7-1360P,Intel® Core™ I7-1360P,2023
3709264,PROCESADOR: INTEL CORE I7-13700H,Intel® Core™ I7-13700H,2023
3709265,PROCESADOR: INTEL CORE I7-13700HX,Intel® Core™ I7-13700HX,2023
3709266,PROCESADOR: INTEL CORE I7-13800H,Intel® Core™ I7-13800H,2023
3709267,PROCESADOR: INTEL CORE I7-13850HX,Intel® Core™ I7-13850HX,2023
3709268,PROCESADOR: INTEL CORE I9-13900H,Intel® Core™ I9-13900H,2023
3709269,PROCESADOR: INTEL CORE I9-13980HX,Intel® Core™ I9-13980HX,2023
3709270,PROCESADOR: INTEL CORE I9-14900HX,Intel® Core™ I9-14900HX,2024
3709271,PROCESADOR: INTEL CORE ULTRA 7 155H,Intel® Core™ Ultra 7 155H,2024
3709272,PROCESADOR: INTEL CORE ULTRA 7 155U,Intel® Core™ Ultra 7 155U,2024
3709273,PROCESADOR: INTEL CORE ULTRA 7 165H,Intel® Core™ Ultra 7 165H,2024
3709274,PROCESADOR: INTEL CORE ULTRA 9 185H,Intel® Core™ Ultra 9 185H,2024
3709275,PROCESADOR: AMD RYZEN 7 PRO 8845HS,AMD Ryzen™ 7 PRO 8845HS,2023
3709276,PROCESADOR: AMD RYZEN™ 5 7640HS,AMD Ryzen™ 5 7640HS,2023
3709277,PROCESADOR: AMD RYZEN™ 5 8645H,AMD Ryzen™ 5 8645H,2024
3709278,PROCESADOR: AMD RYZEN™ 5 8645HS,AMD Ryzen™ 5 8645HS,2024
3709279,PROCESADOR: AMD RYZEN™ 5 PRO 7640HS,AMD Ryzen™ 5 PRO 7640HS,2023
3709280,PROCESADOR: AMD RYZEN™ 5 PRO 8640HS,AMD Ryzen™ 5 PRO 8640HS,2023
3709281,PROCESADOR: AMD RYZEN™ 5 PRO 8645HS,AMD Ryzen™ 5 PRO 8645HS,2023
3709282,PROCESADOR: AMD RYZEN™ 7 7840HS,AMD Ryzen™ 7 7840HS,2023
3709283,PROCESADOR: AMD RYZEN™ 7 8845HS,AMD Ryzen™ 7 8845HS,2024
3709284,PROCESADOR: AMD RYZEN™ 7 PRO 7840HS,AMD Ryzen™ 7 PRO 7840HS,2023
3709285,PROCESADOR: AMD RYZEN™ 7 PRO 8840HS,AMD Ryzen™ 7 PRO 8840HS,2023
3709286,PROCESADOR: AMD RYZEN™ 7 PRO 8845HS,AMD Ryzen™ 7 PRO 8845HS,2023
3709287,PROCESADOR: AMD RYZEN™ 9 7940HS,AMD Ryzen™ 9 7940HS,2023
3709288,PROCESADOR: AMD RYZEN™ 9 8945HS,AMD Ryzen™ 9 8945HS,2024
3709289,PROCESADOR: AMD RYZEN™ 9 PRO 7940HS,AMD Ryzen™ 9 PRO 7940HS,2023
3709290,PROCESADOR: AMD RYZEN™ 9 PRO 8945HS,AMD Ryzen™ 9 PRO 8945HS,2024
3709291,PROCESADOR: INTEL® CORE™ I7-13700HX,Intel® Core™ I7-13700HX,2023
3709292,PROCESADOR: INTEL® CORE™ I7-13850HX,Intel® Core™ I7-13850HX,2023
3709293,PROCESADOR: INTEL® CORE™ I9-13950HX,Intel® Core™ I9-13950HX,2023
3709294,PROCESADOR: INTEL® CORE™ I9-14900HX,Intel® Core™ I9-14900HX,2024
3709295,PROCESADOR: INTEL® CORE™ I3-1315U,Intel® Core™ I3-1315U,2023
3709296,PROCESADOR: INTEL® CORE™ I5-1335,null,#N/D
3709297,PROCESADOR: INTEL® CORE™ I5-1340P,Intel® Core™ I5-1340P,2023
3709298,PROCESADOR: INTEL® CORE™ I5-1345U,Intel® Core™ I5-1345U,2023
3709299,PROCESADOR: INTEL® CORE™ I5-13500H,Intel® Core™ I5-13500H,2023
3709300,PROCESADOR: INTEL® CORE™ I5-13600H,Intel® Core™ I5-13600H,2023
3709301,PROCESADOR: INTEL® CORE™ I5-13600HX,Intel® Core™ I5-13600HX,2023
3709302,PROCESADOR: INTEL® CORE™ I7-1355U,Intel® Core™ I7-1355U,2023
3709303,PROCESADOR: INTEL® CORE™ I7-1360P,Intel® Core™ I7-1360P,2023
3709304,PROCESADOR: INTEL® CORE™ I7-1365U,Intel® Core™ I7-1365U,2023
3709305,PROCESADOR: INTEL® CORE™ I7-13700H,Intel® Core™ I7-13700H,2023
3709306,PROCESADOR: INTEL® CORE™ I7-1370P,Intel® Core™ I7-1370P,2023
3709307,PROCESADOR: INTEL® CORE™ I7-13800H,Intel® Core™ I7-13800H,2023
3709308,PROCESADOR: INTEL® CORE™ I7-14700HX,Intel® Core™ I7-14700HX,2024
3709309,PROCESADOR: INTEL® CORE™ I9-13900H,Intel® Core™ I9-13900H,2023
3709310,PROCESADOR: INTEL® CORE™ I9-13900HK,Intel® Core™ I9-13900HK,2023
3709311,PROCESADOR: INTEL® CORE™ I9-13900HX,Intel® Core™ I9-13900HX,2023
3709312,PROCESADOR: INTEL® CORE™ ULTRA 5-125H,Intel® Core™ Ultra 5-125H,2023
3709313,PROCESADOR: INTEL® CORE™ ULTRA 5-125U,Intel® Core™ Ultra 5-125U,2023
3709314,PROCESADOR: INTEL® CORE™ ULTRA 5-135H,Intel® Core™ Ultra 5-135H,2023
3709315,PROCESADOR: INTEL® CORE™ ULTRA 5-135U,Intel® Core™ Ultra 5-135U,2023
3709316,PROCESADOR: INTEL® CORE™ ULTRA 7-155H,Intel® Core™ Ultra 7-155H,2023
3709317,PROCESADOR: INTEL® CORE™ ULTRA 7-155U,Intel® Core™ Ultra 7-155U,2023
3709318,PROCESADOR: INTEL® CORE™ ULTRA 7-165H,Intel® Core™ Ultra 7-165H,2023
3709319,PROCESADOR: INTEL® CORE™ ULTRA 7-165U,Intel® Core™ Ultra 7-165U,2023
3709320,PROCESADOR: INTEL® CORE™ ULTRA 9-185H,Intel® Core™ Ultra 9-185H,2023
