carId;carVal;valId;valVal
26250;PROCESADOR;2625899;PROCESADOR: 2 X INTEL XEON GOLD 6426Y
26250;PROCESADOR;2625903;PROCESADOR: 2 X INTEL XEON GOLD 5415+
26250;PROCESADOR;2892987;PROCESADOR: INTEL CORE I9-14900F
26250;PROCESADOR;1974133;PROCESADOR: 2 X INTEL XEON GOLD 6442Y
26250;PROCESADOR;2489426;PROCESADOR: INTEL CORE I5-14600K
26250;PROCESADOR;2489427;PROCESADOR: INTEL CORE I7-14700K
26250;PROCESADOR;2489428;PROCESADOR: INTEL CORE I9-14900K
26250;PROCESADOR;3136754;PROCESADOR: AMD RYZEN  9 7950X3D
26250;PROCESADOR;3136751;PROCESADOR: AMD RYZEN 7 7700X
26250;PROCESADOR;3136763;PROCESADOR: AMD RYZEN 9 9950X
26250;PROCESADOR;3136759;PROCESADOR: AMD RYZEN 9 9700X
26250;PROCESADOR;1925517;PROCESADOR: INTEL XEON W9-3475X
26250;PROCESADOR;1744503;PROCESADOR: INTEL CORE I7-13700
26250;PROCESADOR;1744499;PROCESADOR: INTEL CORE I5-13400
26250;PROCESADOR;1744509;PROCESADOR: INTEL CORE I9-13900KF
26250;PROCESADOR;1997685;PROCESADOR: 2 X INTEL XEON SILVER 4410Y
26250;PROCESADOR;2564536;PROCESADOR: INTEL CORE I5-14400
26250;PROCESADOR;1925513;PROCESADOR: INTEL XEON W7-3455
26250;PROCESADOR;2564539;PROCESADOR: INTEL CORE I7-14700
26250;PROCESADOR;1956392;PROCESADOR: INTEL CORE I5-13600
26250;PROCESADOR;1925505;PROCESADOR: INTEL XEON W5-3425
26250;PROCESADOR;1925511;PROCESADOR: INTEL XEON W7-3465X
26250;PROCESADOR;2553738;PROCESADOR: INTEL XEON W7-2495X
26250;PROCESADOR;2553749;PROCESADOR: AMD RYZEN THREADRIPPER PRO 7945WX
26250;PROCESADOR;2553750;PROCESADOR: AMD RYZEN THREADRIPPER PRO 7965WX
26250;PROCESADOR;1664661;PROCESADOR: 2 x INTEL XEON PLATINUM 8260
26250;PROCESADOR;1664662;PROCESADOR: INTEL CORE I7-12700K
26250;PROCESADOR;1664663;PROCESADOR: INTEL CORE I7-12700KF
26250;PROCESADOR;1664664;PROCESADOR: INTEL XEON E-2314
26250;PROCESADOR;1664665;PROCESADOR: INTEL XEON E-2334
26250;PROCESADOR;1664666;PROCESADOR: INTEL XEON E-2336
26250;PROCESADOR;1664667;PROCESADOR: INTEL XEON E-2378
26250;PROCESADOR;1664668;PROCESADOR: INTEL CORE I9-12900K
26250;PROCESADOR;1664669;PROCESADOR: INTEL XEON E-2388G
26250;PROCESADOR;1664670;PROCESADOR: INTEL XEON GOLD 5320
26250;PROCESADOR;1664671;PROCESADOR: INTEL XEON GOLD 6330
26250;PROCESADOR;1664672;PROCESADOR: INTEL XEON GOLD 6338
26250;PROCESADOR;1664673;PROCESADOR: INTEL XEON GOLD 6338T
26250;PROCESADOR;1664674;PROCESADOR: INTEL CORE I9-12900KF
26250;PROCESADOR;1664675;PROCESADOR: INTEL XEON E-2374G
26250;PROCESADOR;1664676;PROCESADOR: INTEL XEON E-2386G
26250;PROCESADOR;1664677;PROCESADOR: INTEL CORE I9-12900
26250;PROCESADOR;1664678;PROCESADOR: INTEL CORE I7-12700
26250;PROCESADOR;1664680;PROCESADOR: INTEL CORE I9-12900KS
26250;PROCESADOR;1664681;PROCESADOR: INTEL CORE I3-10105
26250;PROCESADOR;1664682;PROCESADOR: AMD RYZEN 5 4600G
26250;PROCESADOR;1664683;PROCESADOR: AMD Ryzen 7 Pro 5845
26250;PROCESADOR;1664684;PROCESADOR: AMD Ryzen 3 Pro 4350G
26250;PROCESADOR;1664685;PROCESADOR: AMD Ryzen 9 Pro 5945
26250;PROCESADOR;1664686;PROCESADOR: AMD Ryzen 5 Pro 5645
26250;PROCESADOR;1664687;PROCESADOR: INTEL XEON GOLD 6226
26250;PROCESADOR;1664688;PROCESADOR: INTEL XEON SILVER 431
26250;PROCESADOR;1664689;PROCESADOR: INTEL XEON SILVER 4314
26250;PROCESADOR;1664691;PROCESADOR: INTEL XEON W-1290
26250;PROCESADOR;1664692;PROCESADOR: INTEL CORE I9-10900
26250;PROCESADOR;1664693;PROCESADOR: INTEL CORE i9-11900
26250;PROCESADOR;1664694;PROCESADOR: INTEL CORE i9-11900F
26250;PROCESADOR;1664695;PROCESADOR: INTEL CORE i9-11900KF
26250;PROCESADOR;1664696;PROCESADOR: INTEL CORE i7-11700F
26250;PROCESADOR;1664697;PROCESADOR: INTEL CORE i5-11400
26250;PROCESADOR;1664698;PROCESADOR: INTEL CORE i5-11400F
26250;PROCESADOR;1664699;PROCESADOR: INTEL CORE I7-10700K
26250;PROCESADOR;1664700;PROCESADOR: INTEL CORE I5-10600
26250;PROCESADOR;1664701;PROCESADOR: INTEL CORE I9-10920X
26250;PROCESADOR;1664702;PROCESADOR: INTEL CORE I9-10900K
26250;PROCESADOR;1664703;PROCESADOR: INTEL CORE I5-10500
26250;PROCESADOR;1664704;PROCESADOR: INTEL XEON W-10855M
26250;PROCESADOR;1664705;PROCESADOR: INTEL CORE I5-8365U
26250;PROCESADOR;1664706;PROCESADOR: INTEL CORE I3-9100
26250;PROCESADOR;1664707;PROCESADOR: 2 X INTEL XEON GOLD 6248R
26250;PROCESADOR;1664708;PROCESADOR: INTEL CORE I7-10700
26250;PROCESADOR;1664709;PROCESADOR: INTEL XEON W-1250
26250;PROCESADOR;1664710;PROCESADOR: INTEL CORE I5-10400
26250;PROCESADOR;1664711;PROCESADOR: INTEL XEON W-1270
26250;PROCESADOR;1664712;PROCESADOR: AMD RYZEN THREADRIPPER PRO 3975WX
26250;PROCESADOR;1664713;PROCESADOR: AMD RYZEN THREADRIPPER PRO 3955WX
26250;PROCESADOR;1664714;PROCESADOR: AMD RYZEN THREADRIPPER PRO 3945WX
26250;PROCESADOR;1664715;PROCESADOR: INTEL XEON W-2235
26250;PROCESADOR;1664716;PROCESADOR: 2 X INTEL XEON SILVER 4216
26250;PROCESADOR;1664717;PROCESADOR: 2 X INTEL XEON Silver 4208
26250;PROCESADOR;1744500;PROCESADOR: INTEL CORE I5-13400F
26250;PROCESADOR;1744506;PROCESADOR: INTEL CORE I7-13700KF
26250;PROCESADOR;1744508;PROCESADOR: INTEL CORE I9-13900K
26250;PROCESADOR;1664718;PROCESADOR: AMD Ryzen THREADRIPPER 3990X
26250;PROCESADOR;1664719;PROCESADOR: INTEL XEON W-2225
26250;PROCESADOR;1664720;PROCESADOR: 2 X INTEL XEON SILVER 4210R
26250;PROCESADOR;1664721;PROCESADOR: INTEL XEON W-2245
26250;PROCESADOR;1664722;PROCESADOR: INTEL XEON SILVER 4210R
26250;PROCESADOR;1664723;PROCESADOR: INTEL XEON SILVER 4310
26250;PROCESADOR;1664724;PROCESADOR: 2 X INTEL XEON SILVER 4310
26250;PROCESADOR;1664725;PROCESADOR: INTEL CORE i5-12600
26250;PROCESADOR;1664726;PROCESADOR: INTEL XEON W-1350
26250;PROCESADOR;1664727;PROCESADOR: INTEL XEON E-2378G
26250;PROCESADOR;1664728;PROCESADOR: INTEL XEON GOLD 6342
26250;PROCESADOR;1664729;PROCESADOR: INTEL XEON E-2324G
26250;PROCESADOR;1664730;PROCESADOR: INTEL XEON E-2356G
26250;PROCESADOR;1664731;PROCESADOR: INTEL CORE i7-11700
26250;PROCESADOR;1664732;PROCESADOR: INTEL CORE i7-11700KF
26250;PROCESADOR;1664733;PROCESADOR: INTEL CORE i9-11900K
26250;PROCESADOR;1664734;PROCESADOR: INTEL CORE i7-11700K
26250;PROCESADOR;1664735;PROCESADOR: INTEL CORE I3-10300
26250;PROCESADOR;1664736;PROCESADOR: INTEL XEON W-1370
26250;PROCESADOR;1664737;PROCESADOR: INTEL XEON W-1390
26250;PROCESADOR;1664738;PROCESADOR: 2 X INTEL XEON GOLD 6240R
26250;PROCESADOR;1664739;PROCESADOR: 2 X INTEL XEON GOLD 5220R
26250;PROCESADOR;1664740;PROCESADOR: INTEL XEON GOLD 6240R
26250;PROCESADOR;1664741;PROCESADOR: INTEL XEON GOLD 5220R
26250;PROCESADOR;1664742;PROCESADOR: INTEL XEON SILVER 4214R
26250;PROCESADOR;1664743;PROCESADOR: 2 X INTEL XEON SILVER 4214R
26250;PROCESADOR;1664744;PROCESADOR: INTEL XEON SILVER 4215R
26250;PROCESADOR;1664745;PROCESADOR: 2 X INTEL XEON SILVER 4215R
26250;PROCESADOR;1664746;PROCESADOR: INTEL CORE I7-10610U
26250;PROCESADOR;1664747;PROCESADOR: INTEL XEON E-2278G
26250;PROCESADOR;1664748;PROCESADOR: INTEL CORE I5-9500
26250;PROCESADOR;1664750;PROCESADOR: INTEL CORE I7-9850H
26250;PROCESADOR;1664751;PROCESADOR: INTEL XEON E-2286M
26250;PROCESADOR;1664752;PROCESADOR: INTEL XEON Silver 4208
26250;PROCESADOR;1664753;PROCESADOR: INTEL CORE I5-9700
26250;PROCESADOR;1664754;PROCESADOR: INTEL CORE I5-9400F
26250;PROCESADOR;1664755;PROCESADOR: INTEL CORE I9-9900X
26250;PROCESADOR;1664756;PROCESADOR: INTEL XEON Silver 4216
26250;PROCESADOR;1664757;PROCESADOR: INTEL XEON E-2244G
26250;PROCESADOR;1664758;PROCESADOR: INTEL CORE I7-9700
26250;PROCESADOR;1664759;PROCESADOR: 2 X INTEL XEON GOLD 5218
26250;PROCESADOR;1664760;PROCESADOR: INTEL XEON 5218
26250;PROCESADOR;1664761;PROCESADOR: INTEL XEON E-2174G
26250;PROCESADOR;1664762;PROCESADOR: INTEL CORE I5-9400
26250;PROCESADOR;1664763;PROCESADOR: 2 X INTEL XEON Silver 4110
26250;PROCESADOR;1664764;PROCESADOR: 2 X INTEL XEON GOLD 6140
26250;PROCESADOR;1664765;PROCESADOR: INTEL XEON GOLD 6132
26250;PROCESADOR;1664766;PROCESADOR: INTEL XEON GOLD 5120
26250;PROCESADOR;1664767;PROCESADOR: INTEL XEON Silver 4112
26250;PROCESADOR;1664768;PROCESADOR: 2 X INTEL XEON GOLD 6128
26250;PROCESADOR;1664769;PROCESADOR: INTEL XEON GOLD 6122
26250;PROCESADOR;1664770;PROCESADOR: INTEL XEON GOLD 6150
26250;PROCESADOR;1664771;PROCESADOR: 2 X INTEL XEON GOLD 6144
26250;PROCESADOR;1664772;PROCESADOR: INTEL XEON E-2186
26250;PROCESADOR;1664773;PROCESADOR: 2 X INTEL XEON Silver 4112
26250;PROCESADOR;1664774;PROCESADOR: INTEL XEON E-2133
26250;PROCESADOR;1664775;PROCESADOR: INTEL XEON E-2125
26250;PROCESADOR;1664776;PROCESADOR: INTEL XEON E-2104
26250;PROCESADOR;1664777;PROCESADOR: INTEL XEON PLATINUM 8160
26250;PROCESADOR;1664778;PROCESADOR: INTEL XEON GOLD 6140
26250;PROCESADOR;1664779;PROCESADOR: INTEL XEON E-2124
26250;PROCESADOR;1664780;PROCESADOR: 2 X INTEL XEON GOLD 6150
26250;PROCESADOR;1664781;PROCESADOR: 2 X INTEL XEON PLATINUM 8160
26250;PROCESADOR;1664782;PROCESADOR: INTEL XEON GOLD 6144
26250;PROCESADOR;1664783;PROCESADOR: 2 X INTEL XEON GOLD 6132
26250;PROCESADOR;1664784;PROCESADOR: 2 X INTEL XEON GOLD 6122
26250;PROCESADOR;1664785;PROCESADOR: INTEL CORE I9-9980XE
26250;PROCESADOR;1664787;PROCESADOR: INTEL CORE I9-9900K
26250;PROCESADOR;1664788;PROCESADOR: 2 X INTEL XEON Silver 4114
26250;PROCESADOR;1664789;PROCESADOR: INTEL CORE I7-9800X
26250;PROCESADOR;1664790;PROCESADOR: AMD Ryzen 7 PRO 2700
26250;PROCESADOR;1664792;PROCESADOR: INTEL CORE I9-10900T
26250;PROCESADOR;1664793;PROCESADOR: INTEL XEON 3204
26250;PROCESADOR;1664794;PROCESADOR: INTEL CORE I7-9700K
26250;PROCESADOR;1664795;PROCESADOR: INTEL CORE I9-9900
26250;PROCESADOR;1664796;PROCESADOR: INTEL CORE I7-10700T
26250;PROCESADOR;1664797;PROCESADOR: INTEL XEON E-2246G
26250;PROCESADOR;1664798;PROCESADOR: INTEL XEON W-1250P
26250;PROCESADOR;1664799;PROCESADOR: INTEL CORE I9-10980XE
26250;PROCESADOR;1664800;PROCESADOR: INTEL CORE I9-10900X
26250;PROCESADOR;1664801;PROCESADOR: INTEL CORE I9-9920X
26250;PROCESADOR;1664802;PROCESADOR: 2 X INTEL XEON Silver 4114T
26250;PROCESADOR;1664803;PROCESADOR: INTEL XEON E-2224G
26250;PROCESADOR;1664804;PROCESADOR: INTEL XEON Silver Processor 4210
26250;PROCESADOR;1664805;PROCESADOR: INTEL XEON PLATINUM 8276
26250;PROCESADOR;1664806;PROCESADOR: AMD Ryzen THREADRIPPER 3960X
26250;PROCESADOR;1664807;PROCESADOR: AMD Ryzen 9 3950X
26250;PROCESADOR;1664808;PROCESADOR: 2 X INTEL XEON PLATINUM 8276
26250;PROCESADOR;1664809;PROCESADOR: INTEL XEON Silver Processor 4214
26250;PROCESADOR;1664810;PROCESADOR: 2 X INTEL XEON Silver Processor 4214
26250;PROCESADOR;1664811;PROCESADOR: 2 X INTEL XEON Silver Processor 4210
26250;PROCESADOR;1664812;PROCESADOR: INTEL XEON E-2224
26250;PROCESADOR;1664813;PROCESADOR: INTEL XEON E-2236
26250;PROCESADOR;1664814;PROCESADOR: INTEL XEON E-2276G
26250;PROCESADOR;1664815;PROCESADOR: INTEL XEON GOLD 6244
26250;PROCESADOR;1664816;PROCESADOR: 2 X INTEL XEON GOLD 6244
26250;PROCESADOR;1664817;PROCESADOR: INTEL XEON W-2223
26250;PROCESADOR;1664818;PROCESADOR: INTEL CORE I5-7640X
26250;PROCESADOR;3922222;PROCESADOR: INTEL XEON 6521P
26250;PROCESADOR;1664819;PROCESADOR: INTEL CORE I7-7820X
26250;PROCESADOR;1664820;PROCESADOR: INTEL CORE I9-7900X
26250;PROCESADOR;1664821;PROCESADOR: INTEL CORE I7-7740X
26250;PROCESADOR;1664822;PROCESADOR: INTEL CORE I3-8100
26250;PROCESADOR;1664823;PROCESADOR: INTEL CORE I3-8350K
26250;PROCESADOR;1664824;PROCESADOR: INTEL CORE I7-8700K
26250;PROCESADOR;1664825;PROCESADOR: INTEL CORE I7-8700
26250;PROCESADOR;1664826;PROCESADOR: INTEL CORE I5-8400
26250;PROCESADOR;1664827;PROCESADOR: INTEL CORE I5-8600K
26250;PROCESADOR;1664828;PROCESADOR: INTEL XEON E3-1245 V6
26250;PROCESADOR;1664829;PROCESADOR: INTEL CORE I3-7100
26250;PROCESADOR;1664830;PROCESADOR: INTEL XEON E3-1225 V6
26250;PROCESADOR;1664831;PROCESADOR: INTEL XEON E5-2650 V4
26250;PROCESADOR;1664832;PROCESADOR: INTEL XEON E5-1607 V4
26250;PROCESADOR;1664833;PROCESADOR: INTEL XEON E5-2630 V4
26250;PROCESADOR;1664834;PROCESADOR: INTEL XEON E3-1231 V3
26250;PROCESADOR;1664835;PROCESADOR: INTEL XEON E3-1245 V5
26250;PROCESADOR;1664836;PROCESADOR: INTEL XEON E5-2670
26250;PROCESADOR;1664837;PROCESADOR: INTEL CORE I7-5930K
26250;PROCESADOR;1664838;PROCESADOR: INTEL XEON E3-1240 V5
26250;PROCESADOR;1664839;PROCESADOR: INTEL XEON E3-1276 V3
26250;PROCESADOR;1664840;PROCESADOR: 2 X INTEL XEON E5-2660 V3
26250;PROCESADOR;1664841;PROCESADOR: INTEL XEON E5-1680 V4
26250;PROCESADOR;1664842;PROCESADOR: INTEL XEON E3-1220 V5
26250;PROCESADOR;1664843;PROCESADOR: INTEL XEON E5-1607 V3
26250;PROCESADOR;1664844;PROCESADOR: INTEL XEON E5-2603 V2
26250;PROCESADOR;1664845;PROCESADOR: INTEL XEON E5-2637 V4
26250;PROCESADOR;1664846;PROCESADOR: INTEL CORE I7-6700K
26250;PROCESADOR;1664847;PROCESADOR: INTEL XEON E3-1270 V6
26250;PROCESADOR;1664848;PROCESADOR: INTEL CORE I7-7700
26250;PROCESADOR;1664849;PROCESADOR: INTEL XEON E3-1240 V6
26250;PROCESADOR;1664850;PROCESADOR: INTEL XEON E3-1230 V6
26250;PROCESADOR;1664851;PROCESADOR: INTEL XEON W-2102
26250;PROCESADOR;1664852;PROCESADOR: INTEL XEON Silver 4108
26250;PROCESADOR;1664853;PROCESADOR: INTEL XEON Silver 4116
26250;PROCESADOR;1664854;PROCESADOR: INTEL XEON W-2123
26250;PROCESADOR;1664855;PROCESADOR: INTEL XEON Silver 4114
26250;PROCESADOR;1664856;PROCESADOR: INTEL XEON E-2126G
26250;PROCESADOR;1664857;PROCESADOR: INTEL XEON E-2146G
26250;PROCESADOR;1664858;PROCESADOR: INTEL XEON E-2176G
26250;PROCESADOR;1664859;PROCESADOR: INTEL XEON E-2144G
26250;PROCESADOR;1664860;PROCESADOR: INTEL XEON E-2104G
26250;PROCESADOR;1664861;PROCESADOR: INTEL XEON W-2255
26250;PROCESADOR;1664862;PROCESADOR: 2 X INTEL XEON 5218
26250;PROCESADOR;1664863;PROCESADOR: AMD Ryzen 5 PRO 2600
26250;PROCESADOR;1664864;PROCESADOR: INTEL XEON Gold 6138
26250;PROCESADOR;1664865;PROCESADOR: INTEL XEON E-2136
26250;PROCESADOR;1664866;PROCESADOR: INTEL XEON E-2124G
26250;PROCESADOR;1664867;PROCESADOR: INTEL CORE I5-8500
26250;PROCESADOR;1664868;PROCESADOR: INTEL XEON Gold Processor 6136
26250;PROCESADOR;1664869;PROCESADOR: INTEL XEON Silver Processor 4114
26250;PROCESADOR;1664870;PROCESADOR: INTEL XEON Platinum Processor 8176
26250;PROCESADOR;1664871;PROCESADOR: INTEL XEON Gold Processor 5118
26250;PROCESADOR;1664872;PROCESADOR: 2 X INTEL XEON Gold Processor 6136
26250;PROCESADOR;1664873;PROCESADOR: 2 X INTEL XEON Silver Processor 4114
26250;PROCESADOR;1664874;PROCESADOR: 2 X INTEL XEON Gold Processor 5118
26250;PROCESADOR;1664875;PROCESADOR: 2 X INTEL XEON Platinum Processor 8176
26250;PROCESADOR;1664876;PROCESADOR: INTEL XEON Gold 6128
26250;PROCESADOR;1664877;PROCESADOR: INTEL XEON E5-2640 V4
26250;PROCESADOR;1664878;PROCESADOR: 2 X INTEL XEON Gold 6134
26250;PROCESADOR;1664879;PROCESADOR: INTEL CORE I7-7700T
26250;PROCESADOR;1664880;PROCESADOR: INTEL XEON W-2195
26250;PROCESADOR;1664881;PROCESADOR: INTEL XEON W-2135
26250;PROCESADOR;1664882;PROCESADOR: INTEL XEON W-2145
26250;PROCESADOR;1664883;PROCESADOR: INTEL XEON W-2175
26250;PROCESADOR;1664884;PROCESADOR: INTEL XEON W-2155
26250;PROCESADOR;1664885;PROCESADOR: AMD Ryzen 7 1800X
26250;PROCESADOR;1664886;PROCESADOR: AMD Ryzen Threadripper 1900X
26250;PROCESADOR;1664887;PROCESADOR: AMD Ryzen Threadripper 1950X
26250;PROCESADOR;1664888;PROCESADOR: INTEL XEON Gold 6134
26250;PROCESADOR;1664889;PROCESADOR: 2 X INTEL XEON Silver 4108
26250;PROCESADOR;1664890;PROCESADOR: INTEL XEON Gold 6130
26250;PROCESADOR;1664891;PROCESADOR: INTEL CORE I9-7960X
26250;PROCESADOR;1664892;PROCESADOR: INTEL CORE I9-7920X
26250;PROCESADOR;1664893;PROCESADOR: INTEL XEON Silver 4110
26250;PROCESADOR;1664894;PROCESADOR: 2 X INTEL XEON Silver 4116
26250;PROCESADOR;1664895;PROCESADOR: INTEL CORE I9-7980XE
26250;PROCESADOR;1664896;PROCESADOR: INTEL CORE I9-7940X
26250;PROCESADOR;1664897;PROCESADOR: AMD Ryzen 5 PRO 2500U
26250;PROCESADOR;1664898;PROCESADOR: INTEL XEON Silver 4214
26250;PROCESADOR;1664899;PROCESADOR: INTEL XEON Gold 5218
26250;PROCESADOR;1664900;PROCESADOR: INTEL XEON W-3175X
26250;PROCESADOR;1664901;PROCESADOR: INTEL CORE I9-9820X
26250;PROCESADOR;1664902;PROCESADOR: INTEL CORE I5-9600K
26250;PROCESADOR;1664903;PROCESADOR: INTEL XEON E3-1225 V5
26250;PROCESADOR;1664904;PROCESADOR: INTEL XEON E-2186G
26250;PROCESADOR;1664907;PROCESADOR: INTEL CORE I7-9700F
26250;PROCESADOR;1664908;PROCESADOR: INTEL CORE I7-9700KF
26250;PROCESADOR;1664909;PROCESADOR: 2 X INTEL XEON GOLD 6230
26250;PROCESADOR;1664910;PROCESADOR: AMD Ryzen THREADRIPPER 3970X
26250;PROCESADOR;1664911;PROCESADOR: 2 X INTEL XEON GOLD 6246
26250;PROCESADOR;1664912;PROCESADOR: AMD Ryzen 9 3900X
26250;PROCESADOR;1664913;PROCESADOR: AMD Ryzen 7 3800X
26250;PROCESADOR;1664914;PROCESADOR: AMD Ryzen 7 3700X
26250;PROCESADOR;1664915;PROCESADOR: INTEL XEON GOLD 6240
26250;PROCESADOR;1664916;PROCESADOR: 2 X INTEL XEON GOLD 6240
26250;PROCESADOR;1664917;PROCESADOR: INTEL XEON E5-2403 V2
26250;PROCESADOR;1664918;PROCESADOR: INTEL XEON E5-2670 V3
26250;PROCESADOR;1664919;PROCESADOR: INTEL XEON E3-1270 V5
26250;PROCESADOR;1664920;PROCESADOR: INTEL XEON E5-2697A V4
26250;PROCESADOR;1664921;PROCESADOR: INTEL XEON E3-1225 V2
26250;PROCESADOR;1664922;PROCESADOR: INTEL XEON E5-2699 V4
26250;PROCESADOR;1664923;PROCESADOR: INTEL XEON E3-2620 V3
26250;PROCESADOR;1664924;PROCESADOR: INTEL XEON E5-2603 V3
26250;PROCESADOR;1664925;PROCESADOR: INTEL XEON E3-1230 V3
26250;PROCESADOR;1664926;PROCESADOR: INTEL XEON E5-1660 V4
26250;PROCESADOR;1664927;PROCESADOR: INTEL XEON E3-1246 V3
26250;PROCESADOR;1664928;PROCESADOR: INTEL CORE I3-4130
26250;PROCESADOR;1664929;PROCESADOR: INTEL XEON E5-2643 V4
26250;PROCESADOR;1664930;PROCESADOR: INTEL XEON E5-2650 V3
26250;PROCESADOR;1664931;PROCESADOR: 2 X INTEL XEON E5-2650 V3
26250;PROCESADOR;1664932;PROCESADOR: INTEL CORE I5-6600K
26250;PROCESADOR;1664933;PROCESADOR: INTEL XEON E3-1241 V3
26250;PROCESADOR;1664934;PROCESADOR: INTEL XEON E3-1240 V3
26250;PROCESADOR;1664935;PROCESADOR: INTEL XEON E5-2630 V2
26250;PROCESADOR;1664936;PROCESADOR: INTEL CORE I7-5960X
26250;PROCESADOR;1664937;PROCESADOR: INTEL XEON E5-1620 V4
26250;PROCESADOR;1664938;PROCESADOR: INTEL XEON E5-1620 V3
26250;PROCESADOR;1664939;PROCESADOR: INTEL XEON E5-2620 V2
26250;PROCESADOR;1664940;PROCESADOR: INTEL XEON E5-2637 V3
26250;PROCESADOR;1664941;PROCESADOR: INTEL XEON E5-1650 V4
26250;PROCESADOR;1664942;PROCESADOR: 2 X INTEL XEON E5-2640 V4
26250;PROCESADOR;1664943;PROCESADOR: INTEL CORE I7-4790K
26250;PROCESADOR;1664944;PROCESADOR: INTEL CORE I7-6800K
26250;PROCESADOR;1664945;PROCESADOR: INTEL XEON E5-2620 V3
26250;PROCESADOR;1664946;PROCESADOR: INTEL CORE I5-4440
26250;PROCESADOR;1664947;PROCESADOR: INTEL XEON E5-2690 V4
26250;PROCESADOR;1664948;PROCESADOR: 2 X INTEL XEON E5-2683 V4
26250;PROCESADOR;1664949;PROCESADOR: INTEL XEON E3-1245 V3
26250;PROCESADOR;1664950;PROCESADOR: INTEL XEON E5-1603 V3
26250;PROCESADOR;1664951;PROCESADOR: INTEL XEON E5-2620 V4
26250;PROCESADOR;1664952;PROCESADOR: INTEL XEON E5-2687W V4
26250;PROCESADOR;1664953;PROCESADOR: 2 X INTEL XEON E5-2680 V3
26250;PROCESADOR;1664954;PROCESADOR: INTEL XEON E5-1620
26250;PROCESADOR;1664955;PROCESADOR: INTEL CORE I7-4960X
26250;PROCESADOR;1664956;PROCESADOR: INTEL XEON E5-2630 V3
26250;PROCESADOR;1664957;PROCESADOR: INTEL XEON E5-2609 V3
26250;PROCESADOR;1664958;PROCESADOR: 2 X INTEL XEON E5-2630 V4
26250;PROCESADOR;1664959;PROCESADOR: INTEL XEON E5-2603 V4
26250;PROCESADOR;1664960;PROCESADOR: INTEL CORE I7-4771
26250;PROCESADOR;1664961;PROCESADOR: INTEL XEON E5-2609 V4
26250;PROCESADOR;1664962;PROCESADOR: INTEL XEON E5-2630
26250;PROCESADOR;1664963;PROCESADOR: INTEL XEON E3-1225 V3
26250;PROCESADOR;1664964;PROCESADOR: INTEL CORE I5-6400
26250;PROCESADOR;1664965;PROCESADOR: INTEL XEON E5-2690 V3
26250;PROCESADOR;1664966;PROCESADOR: INTEL CORE I5-7500
26250;PROCESADOR;1664967;PROCESADOR: INTEL CORE I7-7700K
26250;PROCESADOR;1664968;PROCESADOR: INTEL CORE I7-7700HQ
26250;PROCESADOR;1664969;PROCESADOR: INTEL XEON E3-1275 V6
26250;PROCESADOR;3922207;PROCESADOR: AMD RYZEN THREADRIPPER 7960X
26250;PROCESADOR;1664970;PROCESADOR: INTEL XEON E3-1280 V6
26250;PROCESADOR;1664971;PROCESADOR: INTEL CORE I7-7800X
26250;PROCESADOR;1664972;PROCESADOR: INTEL XEON E3-1280 V5
26250;PROCESADOR;1664973;PROCESADOR: 2 X INTEL XEON E5-2620 V4
26250;PROCESADOR;1664974;PROCESADOR: 2 X INTEL XEON E5-2630 V3
26250;PROCESADOR;1664975;PROCESADOR: INTEL XEON E5-2683 V4
26250;PROCESADOR;1664976;PROCESADOR: INTEL CORE I7-5820K
26250;PROCESADOR;1664977;PROCESADOR: INTEL XEON E5-2623 V4
26250;PROCESADOR;1664978;PROCESADOR: INTEL CORE I7-6950X
26250;PROCESADOR;1664979;PROCESADOR: 2 X INTEL XEON E5-2687W V4
26250;PROCESADOR;1664980;PROCESADOR: 2 X INTEL XEON SILVER 431
26250;PROCESADOR;1664981;PROCESADOR: AMD RYZEN THREADRIPPER PRO 5975WX
26250;PROCESADOR;1664982;PROCESADOR: AMD RYZEN THREADRIPPER PRO 5965WX
26250;PROCESADOR;1664983;PROCESADOR: INTEL XEON E3-1230 V5
26250;PROCESADOR;1664984;PROCESADOR: INTEL CORE I7-6700
26250;PROCESADOR;1664985;PROCESADOR: INTEL CORE I7-4790
26250;PROCESADOR;1664986;PROCESADOR: INTEL XEON E5-1650 V3
26250;PROCESADOR;1664987;PROCESADOR: INTEL XEON E5-1603 V4
26250;PROCESADOR;1664988;PROCESADOR: INTEL XEON E5-1630 V4
26250;PROCESADOR;1664989;PROCESADOR: INTEL CORE I7-4770
26250;PROCESADOR;1664990;PROCESADOR: INTEL XEON Gold 5118
26250;PROCESADOR;1664991;PROCESADOR: 2 X INTEL XEON Gold 5118
26250;PROCESADOR;1664992;PROCESADOR: 2 X INTEL XEON E5-2609 V4
26250;PROCESADOR;1664993;PROCESADOR: INTEL XEON W-2125
26250;PROCESADOR;1664994;PROCESADOR: INTEL XEON W-2133
26250;PROCESADOR;1664995;PROCESADOR: INTEL XEON Bronze 3104
26250;PROCESADOR;1664996;PROCESADOR: INTEL XEON Bronze 3106
26250;PROCESADOR;1664997;PROCESADOR: 2 X INTEL XEON SILVER 4314
26250;PROCESADOR;1664998;PROCESADOR: INTEL XEON E3-1271 V3
26250;PROCESADOR;1664999;PROCESADOR: INTEL CORE I7-3770
26250;PROCESADOR;1665000;PROCESADOR: AMD RYZEN THREADRIPPER PRO 5995WX
26250;PROCESADOR;1665001;PROCESADOR: AMD RYZEN THREADRIPPER PRO 5955WX
26250;PROCESADOR;1665002;PROCESADOR: AMD RYZEN THREADRIPPER PRO 5945WX
26250;PROCESADOR;1665003;PROCESADOR: AMD RYZEN THREADRIPPER PRO 3995WX
26250;PROCESADOR;3922221;PROCESADOR: INTEL XEON 6515P
26250;PROCESADOR;3922224;PROCESADOR: 2 X INTEL XEON 6515P
26250;PROCESADOR;2747178;PROCESADOR: AMD RYZEN THREADRIPPER PRO 7955WX
26250;PROCESADOR;2747181;PROCESADOR: AMD RYZEN THREADRIPPER PRO 7995WX
26250;PROCESADOR;2507204;PROCESADOR: INTEL CORE I9-14900KF
26250;PROCESADOR;3970822;PROCESADOR: INTEL XEON W3-2525
26250;PROCESADOR;3970826;PROCESADOR: INTEL XEON W5-2565X
26250;PROCESADOR;3970829;PROCESADOR: INTEL XEON W7-3565X
26250;PROCESADOR;3970830;PROCESADOR: INTEL XEON W9-3595X
26250;PROCESADOR;3970827;PROCESADOR: INTEL XEON W5-2545
26250;PROCESADOR;2776804;PROCESADOR: INTEL XEON W7-2475X
26250;PROCESADOR;3970828;PROCESADOR: INTEL XEON W7-3545
26250;PROCESADOR;3850532;PROCESADOR: INTEL XEON GOLD 6530
26250;PROCESADOR;3850538;PROCESADOR: INTEL XEON GOLD 5420+
26250;PROCESADOR;3850540;PROCESADOR: 2 X INTEL XEON GOLD 5420+
26250;PROCESADOR;3850556;PROCESADOR: INTEL XEON GOLD 5415+
26250;PROCESADOR;3850534;PROCESADOR: 2 X INTEL XEON GOLD 6530
26250;PROCESADOR;3850586;PROCESADOR: 2 X INTEL XEON SILVER 4514Y
26250;PROCESADOR;1838431;PROCESADOR: INTEL CORE I5-13500
26250;PROCESADOR;2747180;PROCESADOR: AMD RYZEN THREADRIPPER PRO 7985WX
26250;PROCESADOR;2747314;PROCESADOR: INTEL CORE I7-14700KF
26250;PROCESADOR;1744505;PROCESADOR: INTEL CORE I7-13700K
26250;PROCESADOR;1885638;PROCESADOR: INTEL XEON W5-2445 3.10 GHz
26250;PROCESADOR;1744504;PROCESADOR: INTEL CORE I7-13700F
26250;PROCESADOR;3138097;PROCESADOR: INTEL CORE ULTRA 5 245KF
26250;PROCESADOR;3138100;PROCESADOR: INTEL CORE ULTRA 9 285K
26250;PROCESADOR;2794778;PROCESADOR: INTEL CORE I3-12100
26250;PROCESADOR;2794781;PROCESADOR: INTEL CORE I7-12700F
26250;PROCESADOR;2794783;PROCESADOR: INTEL CORE I9-12900F
26250;PROCESADOR;3138096;PROCESADOR: INTEL CORE ULTRA 5 245K
26250;PROCESADOR;3138099;PROCESADOR: INTEL CORE ULTRA 7 265KF
26250;PROCESADOR;2794779;PROCESADOR: INTEL CORE I5-12400
26250;PROCESADOR;1925507;PROCESADOR: INTEL XEON W5-3435X
26250;PROCESADOR;3778226;PROCESADOR: AMD RYZEN THREADRIPPER 7980X
26250;PROCESADOR;2777010;PROCESADOR: INTEL CORE I9-14900
26250;PROCESADOR;3778214;PROCESADOR: INTEL CORE ULTRA 7 265
26250;PROCESADOR;3778220;PROCESADOR: AMD RYZEN 9 9900X
26250;PROCESADOR;3778216;PROCESADOR: INTEL CORE ULTRA 9 285
26250;PROCESADOR;3778219;PROCESADOR: AMD RYZEN 7 9700X
26250;PROCESADOR;1969588;PROCESADOR: 2 X INTEL XEON GOLD 5418Y
26250;PROCESADOR;1969591;PROCESADOR: 2 X INTEL XEON GOLD 5416S
26250;PROCESADOR;1969572;PROCESADOR: INTEL XEON W5-3433
26250;PROCESADOR;1969570;PROCESADOR: INTEL XEON W5-3423
26250;PROCESADOR;3927310;PROCESADOR: 2 X INTEL XEON GOLD 6542Y
26250;PROCESADOR;2553743;PROCESADOR: 2 X INTEL XEON SILVER 4416
26250;PROCESADOR;2564537;PROCESADOR: INTEL CORE I5-14500
26250;PROCESADOR;2564538;PROCESADOR: INTEL CORE I5-14600
26250;PROCESADOR;2564540;PROCESADOR: INTEL CORE I9-14900
26250;PROCESADOR;2611055;PROCESADOR: INTEL XEON W5-2455X
26250;PROCESADOR;1925521;PROCESADOR: INTEL XEON GOLD 5418Y
26250;PROCESADOR;1925524;PROCESADOR: INTEL XEON GOLD 5416S
26250;PROCESADOR;1925501;PROCESADOR: INTEL XEON W3-2425
26250;PROCESADOR;1925503;PROCESADOR: INTEL XEON W3-2435
26250;PROCESADOR;1925515;PROCESADOR: INTEL XEON W9-3495X
26250;PROCESADOR;2813983;PROCESADOR: INTEL XEON SILVER 4514Y
26250;PROCESADOR;1925510;PROCESADOR: INTEL XEON W7-3445
26250;PROCESADOR;1925499;PROCESADOR: INTEL XEON W3-2423
26250;PROCESADOR;1803236;PROCESADOR: INTEL CORE I9-13900
26250;PROCESADOR;2553753;PROCESADOR: AMD RYZEN THREADRIPPER PRO 7975WX
26250;PROCESADOR;3378848;PROCESADOR: INTEL XEON W5-2555X
26250;PROCESADOR;3138098;PROCESADOR: INTEL CORE ULTRA 7 265K
26250;PROCESADOR;2034275;PROCESADOR: INTEL XEON SILVER 4410Y
26251;RAM;1831535;RAM: 16 GB DDR5 4800 2400 MHz
26251;RAM;1831536;RAM: 8 GB DDR5 4800 2400 MHz
26251;RAM;1831539;RAM: 64 GB DDR5 4800 2400 MHz
26251;RAM;1925530;RAM: 256 GB DDR5 4800 2400 MHz
26251;RAM;1925533;RAM: 128 GB DDR5 4800 2400 MHz
26251;RAM;2556299;RAM: 512 GB DDR5 4800 2400 MHz
26251;RAM;2556294;RAM: 64 GB DDR5 5600 2800 MHz
26251;RAM;1827046;RAM: 16 GB DDR5 4400 MHz
26251;RAM;1925469;RAM: 32 GB DDR5 4400 2200 MHz
26251;RAM;3922209;RAM: 1TB DDR5 4800 MHz
26251;RAM;1665004;RAM: 256 GB DDR4 3200 400 MHz
26251;RAM;1665005;RAM: 256 GB DDR4 2666 333 MHz
26251;RAM;1665006;RAM: 512 GB DDR4 2666 333 MHz
26251;RAM;1665007;RAM: 512 GB DDR4 3200 400 MHz
26251;RAM;1665008;RAM: 8 GB DDR5 4800 300 MHz
26251;RAM;1665009;RAM: 16 GB DDR5 4800 300 MHz
26251;RAM;1665010;RAM: 32 GB DDR5 4800 300 MHz
26251;RAM;1665011;RAM: 8 GB DDR5 4800 600 MHz
26251;RAM;1665012;RAM: 16 GB DDR5 4800 600 MHz
26251;RAM;1665013;RAM: 32 GB DDR5 4800 600 MHz
26251;RAM;1665014;RAM: 128 GB DDR5 4800 600 MHz
26251;RAM;1665015;RAM: 512 GB DDR5 4800 600 MHz
26251;RAM;1665016;RAM: 64 GB DDR5 4800 600 MHz
26251;RAM;1665017;RAM: 256 GB DDR5 4800 600 MHz
26251;RAM;1665018;RAM: 256 GB DDR4 ECC 3200 MHz
26251;RAM;1665019;RAM: 256 GB DDR4 3000 375 MHz
26251;RAM;1665020;RAM: 128 GB DDR5 4400 MHz
26251;RAM;1665021;RAM: 128 GB DDR4 3200 400 MHz
26251;RAM;1665022;RAM: 4 GB DDR4 2666 333 MHz
26251;RAM;1665023;RAM: 64GB DDR4-2666 333 MHz
26251;RAM;1665024;RAM: 8 GB DDR4 2133 266 MHz
26251;RAM;1665025;RAM: 8 GB DDR3 1600 200 MHz
26251;RAM;1665026;RAM: 8 GB DDR3 1333 166 MHz
26251;RAM;1665027;RAM: 32 GB DDR3 1600 200 MHz
26251;RAM;1665028;RAM: 32 GB DDR4 1600 200 MHz
26251;RAM;1665029;RAM: 4 GB DDR4 2400 300 MHz
26251;RAM;1665030;RAM: 4 GB DDR4 2133 266 MHz
26251;RAM;1665031;RAM: 64 GB DDR4 2400 300 MHz
26251;RAM;1665032;RAM: 8 GB DDR4 2400 300 MHz
26251;RAM;1665033;RAM: 32 GB DDR3 1333 166 MHz
26251;RAM;1665034;RAM: 8 GB DDR3 1866 233 MHz
26251;RAM;1665035;RAM: 32 GB DDR4 2133 266 MHz
26251;RAM;1665036;RAM: 12 GB DDR4  2400 300 MHz.
26251;RAM;1665037;RAM: 16 GB DDR4 2666 333 MHz
26251;RAM;1665038;RAM: 16 GB DDR4 1600 200 MHz
26251;RAM;1665039;RAM: 128 GB DDR4 2133 266 MHz
26251;RAM;1665040;RAM: 4 GB DDR3 1600 200 MHz
26251;RAM;1665041;RAM: 16 GB DDR4 2133 266 MHz
26251;RAM;1665042;RAM: 16 GB DDR4 2400 300 MHz
26251;RAM;1665043;RAM: 8 GB DDR4 2666 333 MHz
26251;RAM;1665044;RAM: 16 GB DDR3 1600 200 MHz
26251;RAM;1665045;RAM: 64 GB DDR4 2133 266 MHz
26251;RAM;1665046;RAM: 64 GB DDR3 1600 200 MHz
26251;RAM;1665047;RAM: 32 GB DDR4 2400 300 MHz
26251;RAM;1665048;RAM: 128 GB DDR4 2400 300 MHz
26251;RAM;1665049;RAM: 512 GB DDR4 3000 375 MHz
26251;RAM;1665050;RAM: 256 GB DDR4 ECC 3000 375 MHz
26251;RAM;1665051;RAM: 8 GB DDR4 2933 366 MHz
26251;RAM;1665052;RAM: 256 GB DDR4 ECC 2666 MHz
26251;RAM;1665053;RAM: 256 GB DDR4 ECC 2400 MHz
26251;RAM;1665054;RAM: 512 GB DDR4 ECC 2933 MHz
26251;RAM;1665055;RAM: 256 GB DDR4 ECC 2933 MHz
26251;RAM;1665056;RAM: 64 GB DDR4 3200 400 MHz
26251;RAM;1665057;RAM: 512 GB DDR4 ECC 2666 MHz
26251;RAM;1665058;RAM: 16 GB DDR4 3200 400 MHz
26251;RAM;1665059;RAM: 32 GB DDR4 3200 400 MHz
26251;RAM;1665060;RAM: 16 GB DDR4 ECC 2666 MHz
26251;RAM;1665061;RAM: 8 GB DDR4 ECC 2666 MHz
26251;RAM;1665062;RAM: 128 GB DDR4 2933 333 MHz
26251;RAM;1665063;RAM: 128 GB DDR4 2933 366 MHz
26251;RAM;1665064;RAM: 16 GB DDR4 2933 366 MHz
26251;RAM;1665065;RAM: 64 GB DDR4 2933 366 MHz
26251;RAM;1665066;RAM: 128 GB DDR4 ECC 2400 MHz
26251;RAM;1665067;RAM: 64 GB DDR4 ECC 2666 MHz
26251;RAM;1665068;RAM: 128 GB DDR4 ECC 2666 MHz
26251;RAM;1665069;RAM: 32 GB DDR4 ECC 2666 MHz
26251;RAM;1665070;RAM: 32 GB DDR4 ECC 2933 MHz
26251;RAM;1665071;RAM: 64 GB DDR4 ECC 2933 MHz
26251;RAM;1665072;RAM: 128 GB DDR4 ECC 2933 MHz
26251;RAM;1665073;RAM: 8 GB DDR4 ECC 2933 MHz
26251;RAM;1665074;RAM: 16 GB DDR4 ECC 2933 MHz
26251;RAM;1665075;RAM: 32 GB DDR4 ECC 2400 MHz
26251;RAM;1665076;RAM: 64 GB DDR4 ECC 2400 MHz
26251;RAM;1665077;RAM: 128 GB DDR4 2666 333 MHz
26251;RAM;1665078;RAM: 32 GB DDR4 2666 333 MHz
26251;RAM;1665079;RAM: 64GB DDR4 2666 ECC LR
26251;RAM;1665080;RAM: 128 GB DDR4 2666 ECC LR
26251;RAM;1665081;RAM: 32 GB DDR4 2933 366 MHz
26251;RAM;1665082;RAM: 8 GB DDR4 3200 400 MHz
26251;RAM;1665083;RAM: 512 GB DDR4 ECC 3000 375 MHz
26251;RAM;1752976;RAM: 32 GB DDR5 4400 MHz
26251;RAM;1744269;RAM: 128 GB DDR5 3600 MHz
26251;RAM;2556295;RAM: 32 GB DDR5 5600 2800 MHz
26251;RAM;2556296;RAM: 16 GB DDR5 5600 2800 MHz
26251;RAM;2556297;RAM: 8 GB DDR5 5600 2800 MHz
26251;RAM;2556298;RAM: 128 GB DDR5 5600 2800 MHz
26251;RAM;2776891;RAM: 64 GB DDR5 4800 MHz
26251;RAM;1740059;RAM: 128 GB DDR5 ECC 4400 MHz
26251;RAM;2794772;RAM: 16 GB DDR5 5200 MHz
26251;RAM;2794775;RAM: 8 GB DDR5 5200 MHz
26251;RAM;1831537;RAM: 32 GB DDR5 4800 2400 MHz
26251;RAM;3778208;RAM: 16 GB DDR5 6400 MHz
26251;RAM;3778210;RAM: 64 GB DDR5 6400 MHz
26251;RAM;2813985;RAM: 24 GB DDR5 4800 MHz
26251;RAM;3778206;RAM: 8 GB DDR5 6400 MHz
26251;RAM;3778204;RAM: 256 GB DDR5 5600 MHz
26251;RAM;3778209;RAM: 32 GB DDR5 6400 MHz
26251;RAM;3778211;RAM: 96 GB DDR5 6400 MHz
26251;RAM;3778212;RAM: 128 GB DDR5 6400 MHz
26251;RAM;3778213;RAM: 256 GB DDR5 6400 MHz
26251;RAM;2611052;RAM: 128 GB DDR5 3600 1800 MHz
26251;RAM;2774485;RAM: 64 GB DDR5 5200 MHz
26251;RAM;2774484;RAM: 32 GB DDR5 5200 MHz
26251;RAM;1925467;RAM: 16 GB DDR5 4400 2200 MHz
26251;RAM;1925472;RAM: 8 GB DDR5 4400 2200 MHz
26251;RAM;2813987;RAM: 48 GB DDR5 4800 MHz
26251;RAM;2813992;RAM: 96 GB DDR5 4800 MHz
26251;RAM;1925477;RAM: 64 GB DDR5 4400 2200 MHz
26251;RAM;2611039;RAM: 32 GB DDR5 4000 2000 MHz
26251;RAM;1803234;RAM: 64 GB DDR5 4400 MHz
26251;RAM;1764975;RAM: 64 GB DDR5 4800 300 MHz
26251;RAM;2775140;RAM: 32 GB DDR5 5200 2600 MHz
26252;ALMACENAMIENTO;1925495;ALMACENAMIENTO: 4 TB SSD
26252;ALMACENAMIENTO;1925490;ALMACENAMIENTO: 2 TB SSD
26252;ALMACENAMIENTO;1925536;ALMACENAMIENTO: 1 TB SSD / 5 x 2 TB SSD
26252;ALMACENAMIENTO;1827041;ALMACENAMIENTO: 2 TB M.2 SSD NVMe
26252;ALMACENAMIENTO;1729880;ALMACENAMIENTO: 4 x 2 TB SSD/ 1.92 TB SSD/ 8 TB HDD 7200 RPM
26252;ALMACENAMIENTO;1827038;ALMACENAMIENTO: 2 TB M.2 SSD NVMe PCIe/ 1 TB 7200 RPM HDD SATA
26252;ALMACENAMIENTO;1827040;ALMACENAMIENTO: 2 TB M.2 SSD NVMe/ 2 TB 7200 RPM HDD SATA
26252;ALMACENAMIENTO;1827042;ALMACENAMIENTO: 4 TB M.2 SSD NVMe/ 2 TB 7200 RPM HDD SATA
26252;ALMACENAMIENTO;1752937;ALMACENAMIENTO: 256 GB M.2 SSD/ 1 TB 7200 RPM HDD
26252;ALMACENAMIENTO;1925535;ALMACENAMIENTO: 4 x 2 TB SSD
26252;ALMACENAMIENTO;1752952;ALMACENAMIENTO: 512 GB M.2 SSD/1 TB HDD 7200 RPM
26252;ALMACENAMIENTO;1724485;ALMACENAMIENTO: 1 TB SSD/4 TB SSD
26252;ALMACENAMIENTO;1665084;ALMACENAMIENTO: 1x 2TB SSD/5x 1.92 TB SSD/2x 4 TB SSD
26252;ALMACENAMIENTO;1665085;ALMACENAMIENTO: 500 GB SSD
26252;ALMACENAMIENTO;1665086;ALMACENAMIENTO: 512 GB SSD/8 TB HDD 7200 RPM
26252;ALMACENAMIENTO;1665087;ALMACENAMIENTO: 256 GB SSD/4 TB HDD 5400 RPM
26252;ALMACENAMIENTO;1665088;ALMACENAMIENTO: 1 TB SSD/8 TB HDD 7200 RPM
26252;ALMACENAMIENTO;1665089;ALMACENAMIENTO: 500 GB SSD/8 TB HDD 7200 RPM
26252;ALMACENAMIENTO;1665090;ALMACENAMIENTO: 1 TB SSD + 8 TB HDD 5640 RPM
26252;ALMACENAMIENTO;1665091;ALMACENAMIENTO: 250 GB SSD/1 TB HDD 7200 RPM
26252;ALMACENAMIENTO;1665092;ALMACENAMIENTO: 512 GB M.2 NVMe PCIe SSD
26252;ALMACENAMIENTO;1665093;ALMACENAMIENTO: 1 TB SSD/2 X 2 TB SSD
26252;ALMACENAMIENTO;1665094;ALMACENAMIENTO: 256 GB SSD/2 TB SSD
26252;ALMACENAMIENTO;1665095;ALMACENAMIENTO: 2 TB SSD/3 X 4 TB HDD 7200 RPM
26252;ALMACENAMIENTO;1665096;ALMACENAMIENTO: 256 GB SSD/1 TB HDD 5400 RPM
26252;ALMACENAMIENTO;1665097;ALMACENAMIENTO: 512 GB SSD/2 TB HDD 7200 RPM
26252;ALMACENAMIENTO;1665098;ALMACENAMIENTO: 4 TB HDD 7200 RPM
26252;ALMACENAMIENTO;1665099;ALMACENAMIENTO: 480 GB SSD/2 X 1 TB HDD 7200 RPM
26252;ALMACENAMIENTO;1665100;ALMACENAMIENTO: 128 GB SSD/1 TB HDD 7200 RPM
26252;ALMACENAMIENTO;1665101;ALMACENAMIENTO: 480 GB SSD/2 X 4 TB HDD 5400 RPM
26252;ALMACENAMIENTO;1665102;ALMACENAMIENTO: 480 GB SSD/2 X 2 TB HDD 5400 RPM
26252;ALMACENAMIENTO;1665103;ALMACENAMIENTO: 3 X 1 TB HDD 7200 RPM
26252;ALMACENAMIENTO;1665104;ALMACENAMIENTO: 256 GB SSD/1 TB HDD 7200 RPM
26252;ALMACENAMIENTO;1665105;ALMACENAMIENTO: 2 TB HDD 7200 RPM
26252;ALMACENAMIENTO;1665106;ALMACENAMIENTO: 480 GB SSD/3 X 2 TB HDD 7200 RPM
26252;ALMACENAMIENTO;1665107;ALMACENAMIENTO: 480 GB SSD/2 X 4 TB HDD 7200 RPM
26252;ALMACENAMIENTO;1665108;ALMACENAMIENTO: 2 X 256 GB SSD/2 TB HDD 7200 RPM
26252;ALMACENAMIENTO;1665109;ALMACENAMIENTO: 1 TB HDD 10000 RPM
26252;ALMACENAMIENTO;1665110;ALMACENAMIENTO: 2 X 1 TB HDD 7200 RPM
26252;ALMACENAMIENTO;1665111;ALMACENAMIENTO: 250 GB M.2 SSD/ 4 TB 7200 RPM HDD
26252;ALMACENAMIENTO;1665112;ALMACENAMIENTO: 250 GB M.2 SSD NVMe/ 2 TB 7200 RPM HDD
26252;ALMACENAMIENTO;1665113;ALMACENAMIENTO: 1 TB M.2 SSD/4 TB 7200 RPM HDD
26252;ALMACENAMIENTO;1665114;ALMACENAMIENTO: 1 TB M.2 SSD NVMe/ 2 TB 7200 RPM HDD
26252;ALMACENAMIENTO;1665115;ALMACENAMIENTO: 512 GB M.2 SSD NVMe/ 1.2 TB 10000 RPM HDD
26252;ALMACENAMIENTO;1665116;ALMACENAMIENTO: 480 GB M.2 SSD NVMe/ 960 GB M.2 SSD NVMe
26252;ALMACENAMIENTO;1665117;ALMACENAMIENTO: 512 GB M.2 SSD NVMe/ 4 TB 7200 RPM HDD/ 1.2 TB 10000 RPM HDD
26252;ALMACENAMIENTO;1665118;ALMACENAMIENTO: 250 GB M.2 SSD/ 2 TB 7200 RPM HDD
26252;ALMACENAMIENTO;1665119;ALMACENAMIENTO: 512 GB M.2 SSD / 512 GB M.2 SSD
26252;ALMACENAMIENTO;1665120;ALMACENAMIENTO: 1 TB M.2 SSD
26252;ALMACENAMIENTO;1665121;ALMACENAMIENTO: 480 GB M.2 SSD/1 TB 7200 RPM HDD
26252;ALMACENAMIENTO;1665122;ALMACENAMIENTO: 1 TB M.2 SSD NVMe/1 TB 7200 RPM HDD
26252;ALMACENAMIENTO;1665123;ALMACENAMIENTO: 480 GB M.2 SSD
26252;ALMACENAMIENTO;1665124;ALMACENAMIENTO: 1 TB M.2 SSD NVMe
26252;ALMACENAMIENTO;1665125;ALMACENAMIENTO: 500 GB M.2 SSD NVMe/1 TB 7200 RPM HDD
26252;ALMACENAMIENTO;1665126;ALMACENAMIENTO: 500 GB M.2 SSD NVMe/2 TB 7200 RPM HDD
26252;ALMACENAMIENTO;1665127;ALMACENAMIENTO: 480 GB M.2 SSD NVMe
26252;ALMACENAMIENTO;1665128;ALMACENAMIENTO: 960 GB M.2 SSD NVMe/4 TB 7200 RPM HDD
26252;ALMACENAMIENTO;1665129;ALMACENAMIENTO: 1 TB M.2 SSD/1 TB 7200 RPM HDD
26252;ALMACENAMIENTO;1665130;ALMACENAMIENTO: 1 TB M.2 SSD NVMe/4 TB 7200 RPM HDD
26252;ALMACENAMIENTO;1665131;ALMACENAMIENTO: 1 TB M.2 SSD/2 TB 7200 RPM HDD
26252;ALMACENAMIENTO;1665132;ALMACENAMIENTO: 500 GB M.2 SSD/ 2 TB 7200 RPM HDD
26252;ALMACENAMIENTO;1665133;ALMACENAMIENTO: 480 GB SSD/4 TB HDD 7200 RPM
26252;ALMACENAMIENTO;1665134;ALMACENAMIENTO: 256 GB SSD
26252;ALMACENAMIENTO;1665135;ALMACENAMIENTO: 2 X 480 GB SSD/3 X 2 TB HDD 7200 RPM
26252;ALMACENAMIENTO;1665136;ALMACENAMIENTO: 240 GB SSD/2 TB HDD 7200 RPM
26252;ALMACENAMIENTO;1665137;ALMACENAMIENTO: 480 GB SSD/2 X 2 TB HDD 7200 RPM
26252;ALMACENAMIENTO;1665138;ALMACENAMIENTO: 240 GB SSD/2 X 2 TB HDD 5400 RPM
26252;ALMACENAMIENTO;1665139;ALMACENAMIENTO: 480 GB SSD/4 TB HDD 5400 RPM
26252;ALMACENAMIENTO;1665140;ALMACENAMIENTO: 600 GB HDD 10000 RPM
26252;ALMACENAMIENTO;1665141;ALMACENAMIENTO: 250 GB SSD/2 TB HDD 7200 RPM
26252;ALMACENAMIENTO;1665142;ALMACENAMIENTO: 120 GB SSD/2 TB HDD 7200 RPM
26252;ALMACENAMIENTO;1665143;ALMACENAMIENTO: 480 GB SSD/2 TB HDD 5400 RPM
26252;ALMACENAMIENTO;1665144;ALMACENAMIENTO: 256 GB SSD/2 TB HDD 7200 RPM
26252;ALMACENAMIENTO;1665145;ALMACENAMIENTO: 480 GB SSD/2 TB HDD 7200 RPM
26252;ALMACENAMIENTO;1665146;ALMACENAMIENTO: 1 TB SSD
26252;ALMACENAMIENTO;1665147;ALMACENAMIENTO: 1 TB HDD 7200 RPM
26252;ALMACENAMIENTO;1665148;ALMACENAMIENTO: 240 GB SSD/1 TB HDD 7200 RPM
26252;ALMACENAMIENTO;1665149;ALMACENAMIENTO: 120 GB SSD/1 TB HDD 7200 RPM
26252;ALMACENAMIENTO;1665150;ALMACENAMIENTO: 240 GB SSD/2 X 2 TB HDD 7200 RPM
26252;ALMACENAMIENTO;1665151;ALMACENAMIENTO: 240 GB SSD/2 X 4 TB HDD 7200 RPM
26252;ALMACENAMIENTO;1665152;ALMACENAMIENTO: 256 GB SSD/3 TB HDD 7200 RPM
26252;ALMACENAMIENTO;1665153;ALMACENAMIENTO: 2 X 2 TB HDD 7200 RPM
26252;ALMACENAMIENTO;1665154;ALMACENAMIENTO: 240 GB SSD/6 TB HDD 7200 RPM
26252;ALMACENAMIENTO;1665155;ALMACENAMIENTO: 960 GB SSD/4 TB HDD 7200 RPM
26252;ALMACENAMIENTO;1665156;ALMACENAMIENTO: 240 GB SSD/4 TB HDD 7200 RPM
26252;ALMACENAMIENTO;1665157;ALMACENAMIENTO: 960 GB SSD/2 TB HDD 7200 RPM
26252;ALMACENAMIENTO;1665158;ALMACENAMIENTO: 960 GB SSD/6 TB HDD 7200 RPM
26252;ALMACENAMIENTO;1665159;ALMACENAMIENTO: 480 GB SSD/6 TB HDD 7200 RPM
26252;ALMACENAMIENTO;1665160;ALMACENAMIENTO: 1 TB HDD 5400 RPM
26252;ALMACENAMIENTO;1665161;ALMACENAMIENTO: 1 TB SSD/1 TB SSD
26252;ALMACENAMIENTO;1665162;ALMACENAMIENTO: 512 GB SSD
26252;ALMACENAMIENTO;1665163;ALMACENAMIENTO: 1 TB HDD 7200 RPM/4 TB HDD 7200 RPM
26252;ALMACENAMIENTO;1665164;ALMACENAMIENTO: 3 TB HDD 7200 RPM
26252;ALMACENAMIENTO;1665165;ALMACENAMIENTO: 240 GB SSD/2 X 1 TB HDD 7200 RPM
26252;ALMACENAMIENTO;1665166;ALMACENAMIENTO: 256 GB SSD/2 X 2 TB HDD 7200 RPM
26252;ALMACENAMIENTO;1665167;ALMACENAMIENTO: 500 GB HDD 7200 RPM
26252;ALMACENAMIENTO;1665168;ALMACENAMIENTO: 240 GB SSD/2 TB HDD 5400 RPM
26252;ALMACENAMIENTO;1665169;ALMACENAMIENTO: 512 GB SSD/1 TB SSD
26252;ALMACENAMIENTO;1665170;ALMACENAMIENTO: 512 GB SSD/2 TB SSD
26252;ALMACENAMIENTO;1665171;ALMACENAMIENTO: 1 TB SSD/4 TB HDD 7200 RPM
26252;ALMACENAMIENTO;1665172;ALMACENAMIENTO: 1 TB SSD/6 TB HDD 7200 RPM
26252;ALMACENAMIENTO;1665173;ALMACENAMIENTO: 500 GB SSD/4 TB HDD 7200 RPM
26252;ALMACENAMIENTO;1665174;ALMACENAMIENTO: 500 GB SSD/6 TB HDD 7200 RPM
26252;ALMACENAMIENTO;1665175;ALMACENAMIENTO: SSD Z TURBO DRIVE 512GB / HDD 2TB 7200RPM
26252;ALMACENAMIENTO;1665176;ALMACENAMIENTO: 500 GB SSD/2 TB HDD 7200 RPM
26252;ALMACENAMIENTO;1665177;ALMACENAMIENTO: 2 X 256 GB SSD/1 TB HDD 7200 RPM
26252;ALMACENAMIENTO;1665178;ALMACENAMIENTO: 250 GB SSD/4 TB HDD 7200 RPM
26252;ALMACENAMIENTO;1665179;ALMACENAMIENTO: 256 GB SSD 2.5"
26252;ALMACENAMIENTO;1665180;ALMACENAMIENTO: 2 TB SSD 3.5"  7200 RPM
26252;ALMACENAMIENTO;1665181;ALMACENAMIENTO: 480 GB SSD/ 1 TB HDD 7200 RPM
26252;ALMACENAMIENTO;1665182;ALMACENAMIENTO: 1 TB SSD/2 TB HDD 7200 RPM
26252;ALMACENAMIENTO;1665183;ALMACENAMIENTO: 1 TB SSD/3 TB HDD 7200 RPM
26252;ALMACENAMIENTO;1665184;ALMACENAMIENTO: 256 GB SSD/4 TB HDD 7200 RPM
26252;ALMACENAMIENTO;1665185;ALMACENAMIENTO: 512 GB SSD/1 TB HDD 7200 RPM
26252;ALMACENAMIENTO;1665186;ALMACENAMIENTO: 512 GB SSD/4 TB HDD 7200 RPM
26252;ALMACENAMIENTO;1665187;ALMACENAMIENTO: 128 GB SSD/2 TB HDD 7200 RPM
26252;ALMACENAMIENTO;1665188;ALMACENAMIENTO: 960 GB M.2 SSD NVMe
26252;ALMACENAMIENTO;1665189;ALMACENAMIENTO: 240 GB M.2 SSD NVMe
26252;ALMACENAMIENTO;1665190;ALMACENAMIENTO: 1 TB SSD/2 X 2 TB HDD 7200 RPM
26252;ALMACENAMIENTO;1665191;ALMACENAMIENTO: 480 GB SSD
26252;ALMACENAMIENTO;1665192;ALMACENAMIENTO: 1 TB SSD/2 X 1 TB SSD
26252;ALMACENAMIENTO;1665193;ALMACENAMIENTO: 500 GB M.2 SSD NVMe/ 4 TB HDD 7200 RPM
26252;ALMACENAMIENTO;1665194;ALMACENAMIENTO: 1 TB HDD 7200 RPM/ 256 GB SSD
26252;ALMACENAMIENTO;1665195;ALMACENAMIENTO: 8 TB SATA III, 6 GB/S 7200 RPM / SSD 500 GB SATA 6 GB/S 2.5"
26252;ALMACENAMIENTO;1665196;ALMACENAMIENTO: 1 TB HDD 7200 RPM/1 TB SSD
26252;ALMACENAMIENTO;1665197;ALMACENAMIENTO: 960 GB SSD/2 X 2 TB HDD 7200 RPM
26252;ALMACENAMIENTO;1665198;ALMACENAMIENTO: 960 GB SSD/2 X 4 TB HDD 7200 RPM
26252;ALMACENAMIENTO;1665199;ALMACENAMIENTO: 500 GB M.2 SSD/ 4 TB 7200 RPM HDD
26252;ALMACENAMIENTO;1665200;ALMACENAMIENTO: 512 GB M.2 SSD NVMe/ 4 TB 7200 RPM HDD
26252;ALMACENAMIENTO;1665201;ALMACENAMIENTO: 250 GB M.2 SSD NVMe/ 4 TB 7200 RPM HDD
26252;ALMACENAMIENTO;1665202;ALMACENAMIENTO: 2 TB M.2 SSD NVMe/ 4 TB 7200 RPM HDD
26252;ALMACENAMIENTO;1665203;ALMACENAMIENTO: 240 GB M.2 SSD NVMe/ 960 GB M.2 SSD NVMe
26252;ALMACENAMIENTO;1665204;ALMACENAMIENTO: 960 GB M.2 SSD NVMe/ 1.92 TB M.2 SSD NVMe
26252;ALMACENAMIENTO;1665205;ALMACENAMIENTO: 2 X 2 TB SSD
26252;ALMACENAMIENTO;1665206;ALMACENAMIENTO: 1 TB SSD/2 TB SSD
26252;ALMACENAMIENTO;1665207;ALMACENAMIENTO: 1 TB SSD + 4 TB HDD 5400 RPM
26252;ALMACENAMIENTO;2747339;ALMACENAMIENTO: 2 TB SSD / 2 X 4 TB SSD
26252;ALMACENAMIENTO;2747347;ALMACENAMIENTO: 4 TB SSD / 2 X 2 TB SSD
26252;ALMACENAMIENTO;2747349;ALMACENAMIENTO: 2 X 2 TB SSD / 2 X 4 TB SSD
26252;ALMACENAMIENTO;2131874;ALMACENAMIENTO: 5 x 2 TB SSD/ 12 TB HDD 7200 RPM
26252;ALMACENAMIENTO;2556300;ALMACENAMIENTO: 2 TB SSD / 1 TB HDD 7200 RPM
26252;ALMACENAMIENTO;1761115;ALMACENAMIENTO: 2 x 2 TB SSD / 2 x 2 TB Z TURBO DRIVE QUAD SSD
26252;ALMACENAMIENTO;2747343;ALMACENAMIENTO: 4 TB SSD / 2 X 4 TB SSD
26252;ALMACENAMIENTO;2747332;ALMACENAMIENTO: 2 TB SSD / 4 TB SSD
26252;ALMACENAMIENTO;2747336;ALMACENAMIENTO: 2 TB SSD / 2 X 2 TB SSD
26252;ALMACENAMIENTO;1745588;ALMACENAMIENTO: 4 x 1920 GB SSD / 2 TB SSD / 2 x 2 TB Z TURBO DRIVE QUAD SSD
26252;ALMACENAMIENTO;2745024;ALMACENAMIENTO: 3 X 1 TB M2  SSD NVMe
26252;ALMACENAMIENTO;1969415;ALMACENAMIENTO: 2 TB M.2 SSD NVMe / 2 x 4 TB SSD SATA
26252;ALMACENAMIENTO;1969419;ALMACENAMIENTO: 2 TB M.2 SSD NVMe / 4 TB SSD SATA
26252;ALMACENAMIENTO;3927313;ALMACENAMIENTO: 5 x 2 TB SSD/ 1 TB SSD
26252;ALMACENAMIENTO;2749892;ALMACENAMIENTO: 3 X 4 TB SSD M.2 NVMe / 2 X 4 TB HDD 7200 RPM
26252;ALMACENAMIENTO;2628434;ALMACENAMIENTO: 2 TB SSD / 2 TB HDD 7200 RPM
26252;ALMACENAMIENTO;3333104;ALMACENAMIENTO: 1 TB SSD NVMe M.2 / 4 TB SSD NVMe M.2 / 2 X 8 TB HDD
26252;ALMACENAMIENTO;3333102;ALMACENAMIENTO: 1 TB SSD NVMe M.2 / 4 TB SSD NVMe M.2 / 3 X 8 TB HDD
26252;ALMACENAMIENTO;3378907;ALMACENAMIENTO: 1 TB SSD / 4 TB SSD / 8 TB HDD 7200 RPM / 2 x 4 TB HDD 7200 RPM
26252;ALMACENAMIENTO;3378905;ALMACENAMIENTO: 1 TB SSD / 4 TB SSD / 3 x 8 TB HDD 7200 RPM
26253;CONECTIVIDAD_LAN;1665208;LAN: SI
26254;CONECTIVIDAD_WLAN;1665209;WLAN: NO
26254;CONECTIVIDAD_WLAN;1665210;WLAN: SI
26255;CONECTIVIDAD_USB;1665211;USB: NO
26255;CONECTIVIDAD_USB;1665212;USB: SI
26256;VIDEO_VGA;1665213;VGA: NO
26256;VIDEO_VGA;1665214;VGA: SI
26257;VIDEO_HDMI;1665215;HDMI: NO
26257;VIDEO_HDMI;1665216;HDMI: SI
26258;SISTEMA_OPERATIVO;1665217;SIST. OPER: WINDOWS 11 PRO 64 BITS ESPAÑOL
26258;SISTEMA_OPERATIVO;1665218;SIST. OPER: UBUNTU 21.04 IMPISH INDRI 64 BITS ESPAÑOL
26258;SISTEMA_OPERATIVO;1665219;SIST. OPER: UBUNTU 22.04 JAMMY JELLYFISH 64 BITS ESPAÑOL
26258;SISTEMA_OPERATIVO;1665220;SIST. OPER: WINDOWS 10 PRO FOR WORKSTATIONS
26258;SISTEMA_OPERATIVO;1665221;SIST. OPER: WINDOWS 11 HOME 64 BITS ESPAÑOL
26258;SISTEMA_OPERATIVO;1665222;SIST. OPER: NO INCLUIDO
26258;SISTEMA_OPERATIVO;1665223;SIST. OPER: WINDOWS 10 PRO 64 BITS ESPAÑOL
26258;SISTEMA_OPERATIVO;1665224;SIST. OPER: UBUNTU 10.04 LUCID LYNX 64 BITS ESPAÑOL
26258;SISTEMA_OPERATIVO;1665225;SIST. OPER: WINDOWS 7 PROFESSIONAL 64 BITS ESPAÑOL
26258;SISTEMA_OPERATIVO;1665226;SIST. OPER: WINDOWS 8.1 PRO 64 BITS ESPAÑOL
26258;SISTEMA_OPERATIVO;1665228;SIST. OPER: WINDOWS 8 PRO 64 BITS ESPAÑOL
26258;SISTEMA_OPERATIVO;1665229;SIST. OPER: WINDOWS 10 HOME 64 BITS ESPAÑOL
26258;SISTEMA_OPERATIVO;1665231;SIST. OPER: UBUNTU LINUX 19.04 DISCO DINGO 64 BITS ESPAÑOL
26258;SISTEMA_OPERATIVO;1665232;SIST. OPER: LINUX
26258;SISTEMA_OPERATIVO;1665233;SIST. OPER: UBUNTU LINUX 17.10 ARTFUL AARDVARK 64 BITS ESPAÑOL
26258;SISTEMA_OPERATIVO;1665235;SIST. OPER: UBUNTU 20.04 LTS FOCAL FOSSA 64 BITS ESPAÑOL
26258;SISTEMA_OPERATIVO;1665236;SIST. OPER: UBUNTU 21.04 LTS HIRSUTE HIPPO 64 BITS ESPAÑOL
26258;SISTEMA_OPERATIVO;1665237;SIST. OPER: UBUNTU 20.10 GROOVY GORILLA 64 BITS ESPAÑOL
26258;SISTEMA_OPERATIVO;1997377;SIST. OPER: WINDOWS 11 PRO 64 BITS HIGH END EN ESPAÑOL
26258;SISTEMA_OPERATIVO;1997378;SIST. OPER: UBUNTU 23.10 MANTIC MINOTAUR 64 BITS ESPAÑOL
26258;SISTEMA_OPERATIVO;1997379;SIST. OPER: UBUNTU 22.10 KINETIC KUDU 64 BITS ESPAÑOL
26258;SISTEMA_OPERATIVO;1997380;SIST. OPER: UBUNTU 23.04 LUNAR LOBSTER 64 BITS ESPAÑOL
26258;SISTEMA_OPERATIVO;1997381;SIST. OPER: WINDOWS 11 PRO DE 64 BITS PARA WORKSTATION EN ESPAÑOL
26258;SISTEMA_OPERATIVO;3778228;SIST. OPER: UBUNTU 25.04 PLUCKY PUFFIN 64 BITS ESPAÑOL
26258;SISTEMA_OPERATIVO;3325829;SIST. OPER: UBUNTU 24.10 ORACULAR ORIOLE 64 BITS ESPAÑOL
26258;SISTEMA_OPERATIVO;1665227;SIST. OPER: UBUNTU 15.10 WILY WEREWOLF 64 BITS ESPAÑOL
26258;SISTEMA_OPERATIVO;1665230;SIST. OPER: UBUNTU LINUX 18.04 LTS BIONIC BEAVER 64 BITS ESPAÑOL
26258;SISTEMA_OPERATIVO;1665234;SIST OPER: WINDOWS 11 PRO 64 BITS ESPAÑOL DOWNGRADE TO WINDOWS 10 PRO 64 BITS ESPAÑOL
26259;UNIDAD_OPTICA;1665238;UNIDAD OPTICA: NO
26259;UNIDAD_OPTICA;1665239;UNIDAD OPTICA: SI
26260;TECLADO;1665240;TECLADO: SI
26260;TECLADO;1665241;TECLADO: NO
26261;MOUSE;1665242;MOUSE: SI
26261;MOUSE;1665243;MOUSE: NO
26262;SUITE_OFIMATICA;1665244;SUITE OFIMATICA PRE-INSTALADA: MICROSOFT OFFICE HOME & BUSINESS 2021
26262;SUITE_OFIMATICA;1665245;SUITE OFIMATICA PRE-INSTALADA: MICROSOFT OFFICE PROFESSIONAL 2021
26262;SUITE_OFIMATICA;1665246;SUITE OFIMATICA: LIBREOFFICE 7.1
26262;SUITE_OFIMATICA;1665247;SUITE OFIMATICA PRE-INSTALADA: MICROSOFT OFFICE PROFESSIONAL 2016
26262;SUITE_OFIMATICA;1665248;SUITE OFIMATICA: LIBREOFFICE 6.0
26262;SUITE_OFIMATICA;1665249;SUITE OFIMATICA: NO
26262;SUITE_OFIMATICA;1665250;SUITE OFIMATICA PRE-INSTALADA: MICROSOFT OFFICE HOME & BUSINESS 2016
26262;SUITE_OFIMATICA;1665251;SUITE OFIMATICA PRE-INSTALADA: MICROSOFT OFFICE PROFESSIONAL 2019
26262;SUITE_OFIMATICA;1665252;SUITE OFIMATICA PRE-INSTALADA: MICROSOFT OFFICE HOME & BUSINESS 2019
26262;SUITE_OFIMATICA;1665253;SUITE OFIMATICA: LIBREOFFICE 7.0
26262;SUITE_OFIMATICA;2906894;SUITE OFIMATICA PRE-INSTALADA: MICROSOFT OFFICE HOME & BUSINESS 2024
26262;SUITE_OFIMATICA;3325843;SUITE OFIMATICA: LIBREOFFICE 24.8
26263;GARANTIA_DE_FABRICA;1665254;G. F: 12 MESES ON-SITE
26263;GARANTIA_DE_FABRICA;1665255;G. F: 36 MESES ON-SITE
26263;GARANTIA_DE_FABRICA;1665256;G. F: 36 MESES CARRY-IN
26263;GARANTIA_DE_FABRICA;1665257;G. F: 12 MESES CARRY-IN
26263;GARANTIA_DE_FABRICA;1665258;G. F: 24 MESES ON-SITE
26263;GARANTIA_DE_FABRICA;1665259;G. F: 24 MESES CARRY-IN
26263;GARANTIA_DE_FABRICA;1665260;G. F: 60 MESES ON-SITE
26263;GARANTIA_DE_FABRICA;1665261;G. F: 60 MESES CARRY-IN
26263;GARANTIA_DE_FABRICA;1665262;G. F: 48 MESES ON-SITE
26263;GARANTIA_DE_FABRICA;1665263;G. F: 48 MESES CARRY-IN
26264;UNIDAD;1665264;UNIDAD
26265;MARCA;1714664;MADI-TEK
26265;MARCA;2501151;GAMEMAX
26265;MARCA;3867041;ALIES COOPER
26265;MARCA;1729984;QUAMTU
26265;MARCA;3916464;MEGA CHAMBI
26265;MARCA;1665265;GIGABYTE
26265;MARCA;1665266;Q T-GLICH
26265;MARCA;1665267;QOSOFT
26265;MARCA;1665268;HAO TECH
26265;MARCA;1665269;NEW KRAL
26265;MARCA;1665270;DELL
26265;MARCA;1665271;OX XTREME OVERCLOK
26265;MARCA;1665272;TCREA
26265;MARCA;1665273;EXIN
26265;MARCA;1665274;LENOVO
26265;MARCA;1665275;VASTEC
26265;MARCA;1665276;HP
26265;MARCA;1665277;SERVER GURU
26265;MARCA;1665278;ADVANCE
26265;MARCA;1665279;MSI
26265;MARCA;1665280;FUJITSU
26265;MARCA;1665281;HIPPOBOX
26265;MARCA;1665282;KENYA
26265;MARCA;1665283;HANDEEL
26265;MARCA;1665284;TEXCOPER
26265;MARCA;1665285;QUI-TECH
26265;MARCA;1665286;CIBER
26265;MARCA;1665287;INSOMED
26265;MARCA;1665288;GCS
26265;MARCA;1665289;SILVER VOLT
26265;MARCA;1665290;RHINOBOX
26265;MARCA;1665291;ALLWIYA
26265;MARCA;1665292;M4X
26265;MARCA;1665293;MAXTIC
26265;MARCA;1665294;HUAWEI
26265;MARCA;1665295;INVESTMENT & BUSINESS SMART SBI
26265;MARCA;2149549;PERBOX
26265;MARCA;3866545;NIMBOX
26265;MARCA;2131849;HTP PRO
26265;MARCA;2502075;HG HALION
26265;MARCA;2906848;KENYA TECHNOLOGY
26265;MARCA;1937431;ARTEC
26265;MARCA;3755246;H HANERT
26265;MARCA;1752527;GROWTH HACK
26265;MARCA;1754477;SIKER
26265;MARCA;1721327;ZKT ECO
26265;MARCA;2611059;WORLDLIFE
26265;MARCA;2022938;JFA TECHNOLOGY
26265;MARCA;2023552;ASUS
26265;MARCA;3731656;VALHALLA
26265;MARCA;1739447;HAITECH
26266;MODELO;+null+;++null++
26267;NRO_PARTE;+null+;++null++
26425;EMPAQUE_DE_FABRICA;1675403;EN: CAJA
51108;SISTEMA_DE_MANEJO_RAEE;3716342;SIST. MANEJO RAEE: INDIVIDUAL
51108;SISTEMA_DE_MANEJO_RAEE;3716341;SIST. MANEJO RAEE: COLECTIVO
26268;CERTIFICACION;1675404;MIL-STD 810G
26268;CERTIFICACION;1675405;ISO 14001:2015
26268;CERTIFICACION;1675406;ISO 14001:2004
26268;CERTIFICACION;1675407;ISV
26268;CERTIFICACION;1675408;EPEAT
26268;CERTIFICACION;1675409;GOST-R Rusia
26268;CERTIFICACION;1675410;cCSAus
26268;CERTIFICACION;1675411;EuP/ErP
26268;CERTIFICACION;1675412;CE O UE
26268;CERTIFICACION;1675413;ISO 9001
26268;CERTIFICACION;1675414;EPA 5.0
26268;CERTIFICACION;1675415;VCCI - JAPON
26268;CERTIFICACION;1675416;TCO
26268;CERTIFICACION;1675417;BSMI - Taiwan Mark
26268;CERTIFICACION;1675418;UL
26268;CERTIFICACION;1675419;FCC - EE. UU.
26268;CERTIFICACION;1675420;RoHS
26268;CERTIFICACION;1675421;ENERGY STAR
26268;CERTIFICACION;1675422;TUV/S S-Mark (Japan)
26268;CERTIFICACION;1675423;WEEE
26268;CERTIFICACION;1675424;REACH
26268;CERTIFICACION;1729933;MIL-STD 810H
